Customer Name,uid,business start date,business duration (years),Normalized Performance Index,business sector_Agriculture,business sector_Fisheries,business sector_Hospitality,business sector_IT,business sector_Manufacturing,business sector_Retail,business sector_Services,location_Bwindi,location_Entebbe,location_Fort Portal,location_Gulu,location_Jinja,location_Kampala,location_Kisoro,location_Lira,location_Mbale,location_Mbarara,gender_Female,gender_Male,education level_Primary,education level_Secondary,education level_University,education level_Vocational,duration range_0 - 5 years,duration range_5 - 10 years,duration range_10 - 15 years,duration range_15 - 20 years,transaction range_0 - 2000,transaction range_2000 - 4000,transaction range_4000 - 6000,transaction range_6000 - 8000,transaction range_8000 - 11000
James William,cca67301-ef3c-4496-b8fd-31847b7edd88,2013-02-25,10.58,0.07767372471058305,1,0,0,0,0,0,0,0,0,1,0,0,0,0,0,0,0,1,0,0,0,1,0,0,0,1,0,1,0,0,0,0
James Nansukusa,7a1c5730-b8e7-4774-8746-90a317b73a82,2009-02-22,14.59,0.06876855486615932,0,0,0,0,0,0,1,0,0,0,0,0,1,0,0,0,0,1,0,0,0,1,0,0,0,1,0,1,0,0,0,0
Nansukusa Sarah,fb94fff4-9217-470f-9e80-12621dea6191,2009-02-07,14.64,0.06852152825156016,0,1,0,0,0,0,0,0,0,0,0,0,0,0,1,0,0,0,1,0,0,0,1,0,0,1,0,1,0,0,0,0
Bridget Namwalwa,ff0563dc-6006-4b4f-a88a-1e7b64adb040,2016-04-15,7.45,0.061839485705967694,0,0,0,0,1,0,0,0,0,0,0,0,0,1,0,0,0,0,1,0,0,1,0,0,1,0,0,1,0,0,0,0
William William,a185cde9-4893-42c0-bcad-fbcf101d2a77,2013-03-15,10.53,0.061648765288587024,0,0,1,0,0,0,0,0,0,0,0,0,1,0,0,0,0,0,1,1,0,0,0,0,0,1,0,1,0,0,0,0
Alice Sarah,41fa2589-59fa-4082-b6bb-86ec1e8c0c91,2005-06-07,18.31,0.06846679512819767,1,0,0,0,0,0,0,0,0,0,0,0,1,0,0,0,0,0,1,0,0,1,0,0,0,0,1,1,0,0,0,0
Nakinobe Sarah,434f554a-2aff-41d7-9189-031b334fb954,2015-05-06,8.39,0.07054551836061398,0,0,0,0,0,1,0,1,0,0,0,0,0,0,0,0,0,1,0,0,1,0,0,0,1,0,0,1,0,0,0,0
Florence Jane,284eafc3-9932-47ec-9627-e70f7a1e6bd0,2011-04-18,12.44,0.074617504679653,1,0,0,0,0,0,0,0,0,0,0,1,0,0,0,0,0,0,1,0,0,0,1,0,0,1,0,1,0,0,0,0
Sarah Sarah,62b6b9b8-5668-40e8-b816-851ac91c6e2c,2010-10-19,12.94,0.08926418347239956,1,0,0,0,0,0,0,0,0,0,0,0,1,0,0,0,0,0,1,0,1,0,0,0,0,1,0,1,0,0,0,0
William Alice,f4989ac0-e243-4c66-966c-51c4286956bd,2011-06-10,12.3,0.06694281686118758,0,0,0,0,0,1,0,0,0,0,0,0,1,0,0,0,0,0,1,0,0,1,0,0,0,1,0,1,0,0,0,0
Alice Florence,9723b3d3-a250-4efa-bfa6-df225e65e1d6,2016-05-25,7.34,0.07340027967905173,0,0,0,0,0,0,1,1,0,0,0,0,0,0,0,0,0,1,0,0,0,1,0,0,1,0,0,1,0,0,0,0
Sarah William,8f07985b-11bc-4027-a2ab-9d6609ea6d81,2009-09-25,14.01,0.09012349130531648,0,0,0,0,0,0,1,0,0,0,0,0,1,0,0,0,0,0,1,1,0,0,0,0,0,1,0,1,0,0,0,0
James Nakinobe,a1e503f0-d2d4-49f8-bf83-4245f04699cb,2009-06-16,14.28,0.07224668370778849,0,0,0,0,0,1,0,0,0,1,0,0,0,0,0,0,0,0,1,0,0,1,0,0,0,1,0,1,0,0,0,0
William Nansukusa,04a3b5bb-91a0-4189-bc84-6af5d664b7f4,2014-06-22,9.26,0.08507741125640671,1,0,0,0,0,0,0,0,0,0,1,0,0,0,0,0,0,1,0,0,1,0,0,0,1,0,0,1,0,0,0,0
Nansukusa Nakinobe,aaab9d87-f3af-484e-9d8a-0a5ffee0e1b4,2020-03-09,3.55,0.06828375227272941,0,1,0,0,0,0,0,1,0,0,0,0,0,0,0,0,0,0,1,1,0,0,0,1,0,0,0,1,0,0,0,0
Namwalwa Sarah,8ffbdbd6-bc27-49ce-a38c-46ce16981fd5,2012-02-16,11.61,0.07820019512855216,0,0,0,0,1,0,0,1,0,0,0,0,0,0,0,0,0,0,1,0,1,0,0,0,0,1,0,1,0,0,0,0
Nakinobe Jane,ab11d2c8-a6ef-4ecd-91df-2b61278d9bdf,2012-05-24,11.34,0.06774677247263292,0,0,0,1,0,0,0,0,0,0,0,0,1,0,0,0,0,1,0,0,0,0,1,0,0,1,0,1,0,0,0,0
Sarah Sarah,bf5ab851-ce24-4a23-9447-a2a45c6d57d7,2004-07-26,19.18,0.08935051010534417,0,0,1,0,0,0,0,0,0,0,1,0,0,0,0,0,0,0,1,0,0,1,0,0,0,0,1,1,0,0,0,0
Jane Sarah,ffbcb234-de13-4014-9057-691112321f7c,2012-11-23,10.84,0.056872183187488615,0,0,0,1,0,0,0,0,0,1,0,0,0,0,0,0,0,1,0,0,0,1,0,0,0,1,0,1,0,0,0,0
Bridget Alice,d00eddc3-4f17-423e-b27d-7eafdfe14411,2004-02-03,19.65,0.07401314302620916,0,1,0,0,0,0,0,0,0,0,0,0,0,1,0,0,0,0,1,0,0,1,0,0,0,0,1,1,0,0,0,0
Sarah Sarah,53daa75c-28df-4d5c-89cc-0315aadbb60a,2020-12-08,2.79,0.0709021056548414,0,0,0,0,1,0,0,0,1,0,0,0,0,0,0,0,0,0,1,0,1,0,0,1,0,0,0,1,0,0,0,0
Alice Florence,82364762-2308-44d8-8602-87291a86b9ec,2009-01-11,14.71,0.08838559746110349,0,0,1,0,0,0,0,0,1,0,0,0,0,0,0,0,0,1,0,1,0,0,0,0,0,1,0,1,0,0,0,0
Nakinobe James,fb85e458-c0a6-48ef-b980-d3ec1cf0f5d1,2013-09-28,9.99,0.07282366025930785,0,0,0,0,1,0,0,0,0,0,0,1,0,0,0,0,0,1,0,0,0,0,1,0,1,0,0,1,0,0,0,0
Alice William,af520c74-f00f-489c-83fb-162a2182c982,2019-02-11,4.62,0.08200245355554159,0,0,0,0,1,0,0,0,0,0,0,0,0,0,0,1,0,0,1,0,0,1,0,1,0,0,0,1,0,0,0,0
James Jane,ab01d403-c584-4564-878c-2d8d1578dbf6,2017-05-06,6.39,0.07339081483263396,1,0,0,0,0,0,0,0,0,0,0,0,1,0,0,0,0,1,0,1,0,0,0,0,1,0,0,1,0,0,0,0
Sarah Namwalwa,e89747e8-f128-4dc9-a0c8-b5b947961d15,2023-09-16,0.02,1.0,0,1,0,0,0,0,0,0,0,0,0,0,1,0,0,0,0,1,0,0,0,1,0,1,0,0,0,0,0,0,0,1
Sarah Namwalwa,4edf5818-54b7-48a5-b9eb-90a79dd41e78,2023-01-04,0.72,0.07347885878230945,0,1,0,0,0,0,0,0,0,0,0,0,0,0,0,0,1,0,1,0,1,0,0,1,0,0,0,1,0,0,0,0
Sarah Nakinobe,d164c0ca-78ae-45c0-b4cc-1115f3ffde9a,2021-09-03,2.06,0.08866270045706152,0,0,0,0,0,0,1,0,0,0,0,1,0,0,0,0,0,0,1,1,0,0,0,1,0,0,0,1,0,0,0,0
Sarah Nakinobe,1feb6fb3-0cf5-436b-93d1-3c0f0ac420ec,2017-03-15,6.53,0.06205142456210361,0,0,0,0,0,0,1,0,0,0,0,0,1,0,0,0,0,1,0,1,0,0,0,0,1,0,0,1,0,0,0,0
James William,7bce313a-6c48-4b6d-908d-374165b6132b,2022-08-23,1.09,0.09151022163925307,0,0,0,1,0,0,0,1,0,0,0,0,0,0,0,0,0,0,1,0,0,1,0,1,0,0,0,1,0,0,0,0
Jane Nansukusa,926bc71f-08d3-4094-9dd1-737f1c562a5f,2012-08-29,11.08,0.08491447631335311,0,0,0,0,0,0,1,0,1,0,0,0,0,0,0,0,0,1,0,0,1,0,0,0,0,1,0,1,0,0,0,0
James Namwalwa,8838a8b9-3a43-4c5e-8a9e-6f700192887c,2018-04-16,5.44,0.06922969141865722,0,0,0,1,0,0,0,0,1,0,0,0,0,0,0,0,0,0,1,1,0,0,0,0,1,0,0,1,0,0,0,0
Florence James,3e2c1f5b-1cae-4ac8-8075-57013c0c8c6e,2006-02-28,17.58,0.07533723343858963,0,1,0,0,0,0,0,0,0,0,0,0,1,0,0,0,0,0,1,0,1,0,0,0,0,0,1,1,0,0,0,0
Alice Sarah,8608b7b3-30ad-47e4-a49b-bfb9bce4a076,2021-02-28,2.57,0.06600826685414704,0,0,1,0,0,0,0,1,0,0,0,0,0,0,0,0,0,1,0,0,0,1,0,1,0,0,0,1,0,0,0,0
James James,2e497e80-3f67-48d8-ac51-e8601d497ff9,2016-05-26,7.33,0.07429326566772003,0,1,0,0,0,0,0,0,0,1,0,0,0,0,0,0,0,0,1,0,0,1,0,0,1,0,0,1,0,0,0,0
Florence Sarah,43ab01bd-98fe-494a-aa85-e38a30548b0f,2021-07-12,2.2,0.06210274077720288,0,0,0,0,1,0,0,0,0,0,0,1,0,0,0,0,0,1,0,0,0,1,0,1,0,0,0,1,0,0,0,0
Jane Namwalwa,26092f75-1a26-436c-8029-c9e76212f769,2007-07-07,16.23,0.07437025166848894,0,0,1,0,0,0,0,0,0,0,1,0,0,0,0,0,0,0,1,0,0,1,0,0,0,0,1,1,0,0,0,0
James Bridget,b1c4541e-bf60-4e58-9900-3875bac98560,2009-07-30,14.16,0.08779240144576612,0,0,0,0,1,0,0,0,0,0,1,0,0,0,0,0,0,1,0,0,1,0,0,0,0,1,0,1,0,0,0,0
Nakinobe Sarah,1ee0c3a1-a312-4fac-b02a-0cb50f2b5716,2014-06-16,9.28,0.061837258758476066,1,0,0,0,0,0,0,0,0,0,0,0,0,0,0,0,1,1,0,0,0,0,1,0,1,0,0,1,0,0,0,0
William Alice,beed575d-26eb-496f-b233-8ca14f047d02,2003-11-02,19.91,0.07498153085720347,0,0,0,1,0,0,0,0,0,0,0,0,0,1,0,0,0,0,1,0,1,0,0,0,0,0,1,1,0,0,0,0
Sarah William,440e598e-7eba-4cd1-9023-e09e6771252a,2009-08-30,14.08,0.05913432451423856,0,0,0,1,0,0,0,0,0,0,0,0,0,0,1,0,0,1,0,0,0,0,1,0,0,1,0,1,0,0,0,0
Alice Sarah,61cc6f2e-e4c9-4dc0-bb84-20adbad70a25,2022-04-24,1.42,0.08883150756621074,0,1,0,0,0,0,0,0,0,1,0,0,0,0,0,0,0,1,0,0,0,1,0,1,0,0,0,1,0,0,0,0
Sarah Alice,01b35303-b290-4c1f-a974-db22dcae2291,2006-11-10,16.88,0.05730529204438725,0,0,1,0,0,0,0,0,0,0,0,0,1,0,0,0,0,1,0,1,0,0,0,0,0,0,1,1,0,0,0,0
James Alice,415249a8-8ae4-464a-a13e-aa3f2db52575,2009-12-18,13.78,0.06306253395633198,0,1,0,0,0,0,0,0,1,0,0,0,0,0,0,0,0,1,0,0,1,0,0,0,0,1,0,1,0,0,0,0
Namwalwa James,f684b8c8-2b12-4a3d-98f0-e946964cfebc,2016-07-29,7.16,0.06724541753553326,0,0,0,1,0,0,0,0,0,0,1,0,0,0,0,0,0,1,0,0,1,0,0,0,1,0,0,1,0,0,0,0
Sarah Nansukusa,0ded0723-5723-4c19-ad84-acc83856442d,2011-10-03,11.98,0.03653630429081878,0,0,1,0,0,0,0,0,1,0,0,0,0,0,0,0,0,0,1,0,1,0,0,0,0,1,0,1,0,0,0,0
William Namwalwa,6aa23dac-a8aa-4424-a7b3-78fb184a7b8b,2004-10-17,18.95,0.08437186495848994,0,0,1,0,0,0,0,0,1,0,0,0,0,0,0,0,0,1,0,0,0,1,0,0,0,0,1,1,0,0,0,0
Alice Nakinobe,6860697b-b5bd-446a-9f71-0a399967fd61,2019-09-15,4.03,0.08546529403119163,0,0,0,0,1,0,0,0,0,0,0,0,0,0,0,1,0,1,0,0,0,0,1,1,0,0,0,1,0,0,0,0
Jane Sarah,026eb1f2-0d21-4e0e-a4e0-966fbf84bd0f,2016-09-04,7.06,0.06734200284037539,0,0,0,0,0,0,1,0,0,0,1,0,0,0,0,0,0,0,1,1,0,0,0,0,1,0,0,1,0,0,0,0
Sarah Jane,89e260a9-1b45-4fb5-8178-78400bb8b21a,2005-04-11,18.47,0.07380391148975642,0,0,0,0,1,0,0,0,0,0,0,1,0,0,0,0,0,0,1,1,0,0,0,0,0,0,1,1,0,0,0,0
Sarah William,79f42432-d103-4416-a9fc-e363810138ce,2020-06-07,3.3,0.04190957825578173,0,0,1,0,0,0,0,0,0,0,0,0,0,0,0,1,0,0,1,0,0,0,1,1,0,0,0,1,0,0,0,0
Nakinobe Jane,89e1c1d6-5747-477c-a92c-fd59eeca0595,2013-12-27,9.75,0.07553391364995136,0,0,0,0,0,0,1,0,0,0,0,0,0,0,1,0,0,0,1,0,0,0,1,0,1,0,0,1,0,0,0,0
William Sarah,b3e9a27e-3153-4c98-81b7-16fd750e2bfb,2007-03-21,16.52,0.074459009380014,0,0,0,0,0,0,1,0,0,0,0,0,1,0,0,0,0,1,0,1,0,0,0,0,0,0,1,1,0,0,0,0
Sarah Sarah,577f9d89-18cc-4b4c-8b51-2a9928f3bb5a,2010-12-29,12.75,0.052978338929804386,0,0,0,0,1,0,0,0,0,0,0,0,1,0,0,0,0,0,1,1,0,0,0,0,0,1,0,1,0,0,0,0
James William,32801c57-6917-45a9-aead-42a9076926f2,2017-04-15,6.45,0.08038963958375299,0,1,0,0,0,0,0,0,0,0,0,0,1,0,0,0,0,0,1,1,0,0,0,0,1,0,0,1,0,0,0,0
James Namwalwa,589e98af-ca67-49b7-b381-c2ab52d53fa0,2018-05-28,5.33,0.07508393679447095,0,0,1,0,0,0,0,1,0,0,0,0,0,0,0,0,0,0,1,0,0,0,1,0,1,0,0,1,0,0,0,0
William Alice,9d0ec577-a418-4da8-abc7-c41554d643c7,2011-01-05,12.73,0.058200511290695395,0,0,0,0,0,0,1,0,0,0,0,0,0,0,0,1,0,0,1,1,0,0,0,0,0,1,0,1,0,0,0,0
James Namwalwa,a6fd52a6-6a03-458b-8eca-3179bff3b57f,2021-08-13,2.12,0.08176916490408923,0,0,0,0,0,1,0,0,0,0,0,1,0,0,0,0,0,0,1,1,0,0,0,1,0,0,0,1,0,0,0,0
Namwalwa Nakinobe,3977185b-6c59-41ed-88d8-a6d59976c342,2017-10-24,5.92,0.0400420568959248,0,0,0,1,0,0,0,1,0,0,0,0,0,0,0,0,0,0,1,0,0,1,0,0,1,0,0,1,0,0,0,0
Namwalwa Nansukusa,86a08bb4-b5de-44a6-bdb7-8c14f0160067,2007-08-03,16.15,0.06204420979472123,0,0,0,0,0,1,0,0,0,1,0,0,0,0,0,0,0,0,1,0,0,1,0,0,0,0,1,1,0,0,0,0
Nakinobe James,2ebb7999-12ea-4f4a-9710-0b2f347ea383,2007-09-08,16.05,0.06902011677748632,0,0,1,0,0,0,0,0,0,0,0,0,0,1,0,0,0,0,1,0,0,1,0,0,0,0,1,1,0,0,0,0
Jane Bridget,70433596-ec42-4e34-8ccb-d894028b3932,2018-09-13,5.03,0.041182237237877416,0,0,0,1,0,0,0,0,0,0,0,1,0,0,0,0,0,0,1,0,0,1,0,0,1,0,0,1,0,0,0,0
Nakinobe Nakinobe,33e3504d-52d4-42f4-b95e-f00237a0d23a,2006-10-23,16.93,0.07651460923199328,0,0,1,0,0,0,0,0,0,0,0,0,0,0,0,1,0,0,1,0,0,1,0,0,0,0,1,1,0,0,0,0
Bridget Florence,37f85bf0-d734-4688-bed2-176ab57ef4d4,2022-03-28,1.49,0.12225303232061756,0,0,0,1,0,0,0,0,0,0,0,0,0,1,0,0,0,1,0,0,0,0,1,1,0,0,0,1,0,0,0,0
Bridget James,5b00c628-3b73-4d5d-9e7d-b4afdf2da74d,2022-01-23,1.67,0.046416161188304564,0,0,0,0,0,1,0,0,0,0,0,0,0,0,1,0,0,1,0,1,0,0,0,1,0,0,0,1,0,0,0,0
James Namwalwa,3475d38b-bc5d-4b21-98f5-51a3332c1da9,2015-02-28,8.58,0.06716048475357216,1,0,0,0,0,0,0,0,0,0,0,0,0,0,0,0,1,0,1,0,0,1,0,0,1,0,0,1,0,0,0,0
Nansukusa Sarah,466e3e39-ac44-4c37-9e00-218d4b05261e,2004-07-07,19.23,0.06399040212592441,0,0,0,0,0,0,1,0,0,0,0,0,0,0,0,1,0,1,0,0,0,0,1,0,0,0,1,1,0,0,0,0
Jane Florence,55c1029e-d10d-453c-8bbc-23097206090e,2004-03-20,19.53,0.0712953603506639,1,0,0,0,0,0,0,0,0,0,0,1,0,0,0,0,0,1,0,0,1,0,0,0,0,0,1,1,0,0,0,0
Florence Sarah,c0ec804d-0a27-438f-a563-325c90b25d97,2004-02-28,19.58,0.06799486971485968,0,0,0,1,0,0,0,0,0,0,1,0,0,0,0,0,0,0,1,1,0,0,0,0,0,0,1,1,0,0,0,0
Bridget Jane,bb157c08-a237-4715-86e0-68c1ab07fb6d,2010-11-07,12.89,0.09118722709746259,0,0,0,0,0,1,0,0,0,0,1,0,0,0,0,0,0,1,0,0,0,1,0,0,0,1,0,1,0,0,0,0
William James,b0a92375-0e17-4db8-8ad4-8b1e3ed27aad,2017-01-10,6.71,0.07737075912571272,0,0,0,0,1,0,0,0,0,0,0,0,0,0,1,0,0,0,1,0,1,0,0,0,1,0,0,1,0,0,0,0
Florence Nakinobe,64d16b0f-c1a2-486a-b401-c38eec2c821e,2008-11-03,14.9,0.07776853870373066,0,0,0,0,0,1,0,0,0,1,0,0,0,0,0,0,0,0,1,0,0,0,1,0,0,1,0,1,0,0,0,0
James Namwalwa,86c0cc0d-fa18-49a6-8147-673d741a9646,2018-04-05,5.47,0.07809558960109768,0,0,0,1,0,0,0,1,0,0,0,0,0,0,0,0,0,0,1,0,1,0,0,0,1,0,0,1,0,0,0,0
Florence William,3e38377b-5a68-44c5-80f0-b3f373eb7f5c,2008-10-27,14.92,0.0536518243389152,1,0,0,0,0,0,0,0,0,0,0,1,0,0,0,0,0,0,1,1,0,0,0,0,0,1,0,1,0,0,0,0
William Florence,d15aab3a-eb68-43d4-8220-16256486d8bf,2020-07-08,3.21,0.06093196373731512,0,1,0,0,0,0,0,0,0,0,0,0,0,1,0,0,0,0,1,1,0,0,0,1,0,0,0,1,0,0,0,0
Nansukusa Nansukusa,0516d516-e391-49a4-8cd9-a2811a346fd0,2011-12-04,11.81,0.06858867631075825,1,0,0,0,0,0,0,0,1,0,0,0,0,0,0,0,0,1,0,0,0,0,1,0,0,1,0,1,0,0,0,0
Alice Nansukusa,f4b46482-bf75-441b-b8b4-0e0d6e8af762,2018-02-03,5.64,0.0707705767870732,0,1,0,0,0,0,0,0,0,0,0,0,0,1,0,0,0,1,0,1,0,0,0,0,1,0,0,1,0,0,0,0
James Jane,b7312bb9-66de-4273-b295-5ee11418b572,2008-06-04,15.32,0.05406529311868174,0,0,0,0,1,0,0,0,1,0,0,0,0,0,0,0,0,0,1,1,0,0,0,0,0,0,1,1,0,0,0,0
Nakinobe Bridget,260a03b0-202b-4af0-84d4-ff3beccb386a,2023-05-02,0.4,0.016058939626583876,0,0,0,0,0,0,1,0,0,0,0,1,0,0,0,0,0,0,1,0,0,1,0,1,0,0,0,1,0,0,0,0
James Namwalwa,5130cc3e-d01a-4620-997b-1effb05292a9,2014-07-04,9.23,0.060411711007428676,0,1,0,0,0,0,0,0,0,0,1,0,0,0,0,0,0,1,0,0,1,0,0,0,1,0,0,1,0,0,0,0
Alice Florence,c62833ce-a743-4606-81a7-50c55fe5abc4,2006-07-31,17.16,0.06273459340122392,0,0,0,0,0,0,1,1,0,0,0,0,0,0,0,0,0,1,0,0,1,0,0,0,0,0,1,1,0,0,0,0
Sarah Namwalwa,c3f83c23-1fc0-4748-aad5-c23fd2175b35,2015-12-23,7.76,0.07179615665752559,0,1,0,0,0,0,0,0,0,0,0,0,0,0,0,1,0,1,0,0,1,0,0,0,1,0,0,1,0,0,0,0
Sarah Namwalwa,f25dfa8c-353a-43d8-8657-8259eb6f2564,2008-09-25,15.01,0.07479835367255613,1,0,0,0,0,0,0,0,0,0,0,0,0,1,0,0,0,0,1,0,1,0,0,0,0,0,1,1,0,0,0,0
Namwalwa Florence,5a450b80-127e-4ab8-836b-a85023e829ac,2020-02-06,3.63,0.07063841880426051,1,0,0,0,0,0,0,0,0,0,0,0,0,0,0,0,1,1,0,0,0,0,1,1,0,0,0,1,0,0,0,0
Florence James,b736df16-d6f2-4b09-9eff-aab4d1582e21,2009-02-28,14.58,0.06530223859543226,0,0,0,0,0,0,1,0,0,0,0,0,0,0,0,0,1,1,0,1,0,0,0,0,0,1,0,1,0,0,0,0
James William,7ee4acaa-21d5-417c-b662-267909f8697c,2020-12-31,2.73,0.07840367977372475,0,0,0,1,0,0,0,0,0,0,1,0,0,0,0,0,0,0,1,0,1,0,0,1,0,0,0,1,0,0,0,0
Sarah Jane,502ada93-8336-4604-bfab-adeb54ec7131,2003-12-13,19.79,0.08744388519217708,0,0,0,0,0,0,1,0,0,0,0,1,0,0,0,0,0,1,0,0,0,0,1,0,0,0,1,1,0,0,0,0
Sarah Alice,7a7cf1bf-429a-4dc6-8c2b-450331da0674,2005-01-09,18.72,0.07576705771685342,0,0,0,0,0,1,0,0,0,0,1,0,0,0,0,0,0,0,1,0,1,0,0,0,0,0,1,1,0,0,0,0
Bridget Florence,9011af5a-3159-43e4-ae18-49d9caceb33b,2022-09-05,1.05,0.05752507890959811,0,0,0,1,0,0,0,0,0,0,0,0,0,1,0,0,0,0,1,0,0,1,0,1,0,0,0,1,0,0,0,0
Namwalwa Namwalwa,35a8ea30-4691-45dc-aca7-1828374ea0cf,2022-01-01,1.73,0.06388327165560675,0,0,0,0,1,0,0,0,1,0,0,0,0,0,0,0,0,1,0,0,1,0,0,1,0,0,0,1,0,0,0,0
William Sarah,dae592be-d191-4830-ab01-f5f5723a6281,2003-09-24,20.01,0.047873168269013264,0,0,0,0,1,0,0,0,0,0,0,0,0,1,0,0,0,0,1,0,0,0,1,0,0,0,0,1,0,0,0,0
Jane Florence,2445dce3-d9b8-42ea-87f2-a88ff407e298,2020-08-01,3.15,0.07064608212061563,0,1,0,0,0,0,0,0,0,0,1,0,0,0,0,0,0,0,1,0,1,0,0,1,0,0,0,1,0,0,0,0
Bridget Namwalwa,dd4f1821-981e-4427-be20-49143e6d1a60,2004-02-05,19.65,0.0732132145424283,0,1,0,0,0,0,0,0,1,0,0,0,0,0,0,0,0,0,1,1,0,0,0,0,0,0,1,1,0,0,0,0
James William,f4b04356-03a7-4e13-bc55-b084f677ae87,2009-11-17,13.86,0.0807454740554039,1,0,0,0,0,0,0,0,0,0,0,0,0,0,0,1,0,1,0,0,0,0,1,0,0,1,0,1,0,0,0,0
Nansukusa Nakinobe,2b269a4c-40f2-4362-b5a1-5ccf1cd27c9d,2007-07-28,16.17,0.07477947180041583,1,0,0,0,0,0,0,0,0,0,0,0,1,0,0,0,0,1,0,0,1,0,0,0,0,0,1,1,0,0,0,0
Sarah Nansukusa,61ca0c4d-cb9b-4453-8af3-cd3db7933171,2011-10-30,11.91,0.07441505477586195,1,0,0,0,0,0,0,0,0,0,0,0,0,1,0,0,0,1,0,0,0,1,0,0,0,1,0,1,0,0,0,0
Jane Alice,6c154a8b-a043-450d-89a6-d2d7b1c77f13,2009-06-17,14.28,0.06587239041398443,0,0,0,0,0,0,1,0,0,0,0,0,0,1,0,0,0,0,1,0,1,0,0,0,0,1,0,1,0,0,0,0
Jane Bridget,dc49dd68-2757-409f-a88e-76ff43d2c309,2005-10-19,17.94,0.07461617839402467,0,0,0,0,0,0,1,0,0,0,0,1,0,0,0,0,0,1,0,1,0,0,0,0,0,0,1,1,0,0,0,0
Sarah Jane,e75663b2-bd1f-44a6-82b0-4b52b9f9b688,2004-11-04,18.9,0.08475104282241505,0,0,0,1,0,0,0,0,0,1,0,0,0,0,0,0,0,0,1,1,0,0,0,0,0,0,1,1,0,0,0,0
Namwalwa Bridget,fbce6a1a-a6b7-4c4f-aaeb-30228928eb17,2014-01-08,9.72,0.07517739674858705,0,0,1,0,0,0,0,0,0,0,0,1,0,0,0,0,0,0,1,0,0,0,1,0,1,0,0,1,0,0,0,0
Jane Florence,3fa9d067-a479-4db9-b932-35af269d9bef,2015-04-04,8.48,0.08587455411674669,0,0,0,0,0,1,0,0,0,0,0,0,0,0,0,0,1,1,0,1,0,0,0,0,1,0,0,1,0,0,0,0
Namwalwa Nansukusa,3006edd0-331c-4151-8dc8-0e17c3dfc91b,2018-02-06,5.63,0.07997993705804124,0,1,0,0,0,0,0,0,0,0,0,1,0,0,0,0,0,0,1,1,0,0,0,0,1,0,0,1,0,0,0,0
William Sarah,6409c12b-85df-48f7-b4a2-f920baf34db6,2008-02-05,15.64,0.08255921688922878,0,0,0,0,1,0,0,0,0,0,0,0,0,0,0,0,1,1,0,0,0,0,1,0,0,0,1,1,0,0,0,0
Nakinobe James,19862fba-5cb5-479d-b441-0ae82a36159e,2023-03-13,0.53,0.0990951678053034,0,0,0,0,0,1,0,1,0,0,0,0,0,0,0,0,0,1,0,0,1,0,0,1,0,0,0,1,0,0,0,0
Florence Namwalwa,279ed050-5d3b-49b9-ba31-845c7bb5bff4,2010-04-13,13.46,0.06327626667066476,0,0,0,1,0,0,0,0,0,1,0,0,0,0,0,0,0,0,1,1,0,0,0,0,0,1,0,1,0,0,0,0
William James,680e415b-bf2b-42b9-8016-9afa88c925b6,2019-11-17,3.85,0.05367620766807689,0,0,0,1,0,0,0,1,0,0,0,0,0,0,0,0,0,0,1,0,1,0,0,1,0,0,0,1,0,0,0,0
Nansukusa Nansukusa,8c993ff7-73c5-4618-a2a5-245584feda33,2019-07-15,4.2,0.0684945592313915,0,0,0,0,0,1,0,0,0,0,0,0,1,0,0,0,0,0,1,1,0,0,0,1,0,0,0,1,0,0,0,0
Namwalwa Nansukusa,83ec2d43-ee6d-4ca8-9e57-736f272b443e,2011-08-02,12.15,0.04111177422875019,0,0,0,0,0,0,1,1,0,0,0,0,0,0,0,0,0,0,1,0,0,1,0,0,0,1,0,1,0,0,0,0
Namwalwa Alice,adbf8f00-d456-46e4-9abf-2ddb9ca92cdf,2021-02-07,2.63,0.08203569418924507,0,0,0,1,0,0,0,1,0,0,0,0,0,0,0,0,0,1,0,0,1,0,0,1,0,0,0,1,0,0,0,0
Namwalwa Sarah,897d4cc3-44e6-442b-8723-2492ed3bceca,2009-09-10,14.05,0.06995956289580282,1,0,0,0,0,0,0,0,0,0,0,0,0,0,0,1,0,1,0,0,0,0,1,0,0,1,0,1,0,0,0,0
William Florence,a91039a0-68f0-45de-943f-6c907f29f983,2021-04-07,2.47,0.06262659010791868,0,0,0,0,1,0,0,0,0,0,0,0,0,1,0,0,0,1,0,0,0,0,1,1,0,0,0,1,0,0,0,0
Sarah Alice,608322d1-9637-477e-837b-f224b41f8575,2022-08-27,1.08,0.07207840981162028,0,0,0,0,0,1,0,0,0,0,0,0,0,0,0,0,1,1,0,0,0,1,0,1,0,0,0,1,0,0,0,0
Alice Bridget,6df2c492-052a-4d65-a5d9-4a44b52cc1ba,2008-10-29,14.91,0.07879398201092933,1,0,0,0,0,0,0,0,0,0,0,0,0,1,0,0,0,0,1,0,0,1,0,0,0,1,0,1,0,0,0,0
Nakinobe Nakinobe,b5a698f1-9571-4d9b-a873-6b70e573cb97,2009-08-09,14.13,0.06334318525575426,0,1,0,0,0,0,0,0,0,0,0,0,0,0,1,0,0,0,1,0,1,0,0,0,0,1,0,1,0,0,0,0
Florence Florence,433a8bfb-9844-4612-a5a7-41f08c6841ca,2010-02-23,13.59,0.08765395692448961,0,0,0,1,0,0,0,1,0,0,0,0,0,0,0,0,0,0,1,0,0,1,0,0,0,1,0,1,0,0,0,0
Nakinobe James,d65bc1dc-a13e-4508-bbfa-febb8641f6e6,2016-08-18,7.1,0.06672718925263019,0,1,0,0,0,0,0,0,0,0,0,0,0,0,1,0,0,0,1,0,1,0,0,0,1,0,0,1,0,0,0,0
Namwalwa William,9ff7dd2e-2e76-4b66-8269-d3c757ff0e1d,2006-11-28,16.83,0.07250936096145985,0,0,0,0,0,0,1,0,0,0,0,0,0,0,1,0,0,1,0,0,0,0,1,0,0,0,1,1,0,0,0,0
James Alice,a54b3ea8-3964-403d-8931-6f21ce9fb0c5,2015-07-14,8.2,0.06948507932755127,1,0,0,0,0,0,0,0,0,0,0,0,0,0,1,0,0,0,1,1,0,0,0,0,1,0,0,1,0,0,0,0
James Namwalwa,633c536e-c51b-4c12-9bad-905bd5c2669d,2007-09-02,16.07,0.09130905376264017,0,1,0,0,0,0,0,0,0,0,0,0,0,0,0,0,1,1,0,1,0,0,0,0,0,0,1,1,0,0,0,0
Nansukusa Nansukusa,c53f39e1-026f-4b74-9bf2-d63af83c21d1,2008-09-08,15.05,0.06967667742328458,0,0,0,0,0,0,1,0,0,0,0,0,0,1,0,0,0,0,1,0,0,0,1,0,0,0,1,1,0,0,0,0
Sarah William,3e7fde53-cb69-4488-a06d-5f6ddfb95cdd,2018-11-21,4.84,0.08616778040343682,0,1,0,0,0,0,0,0,0,0,0,0,0,1,0,0,0,1,0,0,0,0,1,1,0,0,0,1,0,0,0,0
Florence Alice,c1de1b2a-53be-4dd5-9cd6-5edf7500a288,2008-11-25,14.84,0.07161013640689008,1,0,0,0,0,0,0,0,0,1,0,0,0,0,0,0,0,0,1,1,0,0,0,0,0,1,0,1,0,0,0,0
Florence Nakinobe,1269faca-9712-4312-a1ce-045563a1fe0b,2011-05-26,12.34,0.07577790659304581,0,0,0,0,0,1,0,0,0,1,0,0,0,0,0,0,0,0,1,0,1,0,0,0,0,1,0,1,0,0,0,0
James Namwalwa,7935ab39-aa61-4eeb-b4ea-c1c6123735d0,2014-11-28,8.83,0.08037384856229646,0,0,0,0,0,1,0,0,0,0,0,0,0,0,0,0,1,0,1,0,1,0,0,0,1,0,0,1,0,0,0,0
Namwalwa Nakinobe,f33c9b82-668c-4e6c-9353-22eae9f6c08d,2010-04-21,13.44,0.06807785419705838,0,0,0,0,1,0,0,0,0,0,0,1,0,0,0,0,0,0,1,0,1,0,0,0,0,1,0,1,0,0,0,0
Bridget Florence,e21ea1ca-0f50-45f2-a4cc-9a35830f6298,2023-03-18,0.52,0.07790802818861198,0,1,0,0,0,0,0,0,0,0,0,0,0,0,0,1,0,0,1,0,0,0,1,1,0,0,0,1,0,0,0,0
Nakinobe Alice,e3274fa8-952d-4c3a-962a-812a1253fa77,2005-07-09,18.22,0.06796432090276784,0,0,1,0,0,0,0,0,0,1,0,0,0,0,0,0,0,0,1,0,1,0,0,0,0,0,1,1,0,0,0,0
Alice Florence,9ed4eb4d-9086-4397-a3e6-a24df31ff7ee,2020-04-08,3.46,0.059916715172548395,1,0,0,0,0,0,0,0,0,0,0,0,0,1,0,0,0,0,1,1,0,0,0,1,0,0,0,1,0,0,0,0
Namwalwa James,5fc07ee9-5c8e-4e7b-a8ea-8235e46001a3,2008-05-18,15.36,0.0853152615949659,1,0,0,0,0,0,0,1,0,0,0,0,0,0,0,0,0,0,1,0,1,0,0,0,0,0,1,1,0,0,0,0
James James,a076b267-c2fb-4dde-87c8-cec9b924ac5c,2005-12-31,17.74,0.06967856630333354,0,0,0,0,0,1,0,0,0,0,0,0,0,0,0,0,1,0,1,0,0,1,0,0,0,0,1,1,0,0,0,0
Alice Nansukusa,2b65d10e-9400-486b-9a4f-1353d2868f44,2015-11-22,7.84,0.07660588768411665,1,0,0,0,0,0,0,0,0,0,0,0,0,0,0,1,0,1,0,0,0,1,0,0,1,0,0,1,0,0,0,0
Sarah Florence,8c09482f-3345-4f6f-aad6-4e87734180df,2018-01-24,5.67,0.08274676961227932,0,0,0,0,1,0,0,0,0,0,0,0,0,0,0,1,0,0,1,0,0,1,0,0,1,0,0,1,0,0,0,0
William James,37e28dc4-3d08-4bfa-ba96-a4ed496fd154,2020-11-26,2.83,0.07323198570523105,1,0,0,0,0,0,0,0,0,0,1,0,0,0,0,0,0,0,1,0,1,0,0,1,0,0,0,1,0,0,0,0
Florence Nakinobe,1a9882cd-e8f2-4232-ac38-95a114f41a30,2007-05-06,16.4,0.07703515849556726,0,0,0,0,1,0,0,0,0,0,0,0,1,0,0,0,0,0,1,1,0,0,0,0,0,0,1,1,0,0,0,0
Nakinobe Bridget,a4a54888-5f44-4813-b0ed-f01a0b2c59f9,2014-01-20,9.68,0.07785462210353196,0,0,0,0,0,1,0,0,0,0,1,0,0,0,0,0,0,0,1,1,0,0,0,0,1,0,0,1,0,0,0,0
Namwalwa Nakinobe,d25bee51-93e7-4422-a2ce-a508ced42ed6,2018-01-28,5.66,0.05947989358373161,1,0,0,0,0,0,0,0,0,0,1,0,0,0,0,0,0,0,1,0,1,0,0,0,1,0,0,1,0,0,0,0
Jane Jane,63b2dfdb-eea7-4aae-9850-9fb64004fd9f,2006-03-14,17.54,0.07733287801465609,0,0,0,0,0,0,1,0,0,0,0,0,0,0,0,1,0,1,0,0,1,0,0,0,0,0,1,1,0,0,0,0
Jane Sarah,6e609fee-b2c6-4504-8d03-f8d2e5d9f6c8,2021-11-10,1.87,0.08561999083506147,0,0,0,1,0,0,0,0,0,0,0,0,1,0,0,0,0,1,0,0,0,0,1,1,0,0,0,1,0,0,0,0
Bridget Sarah,a2161e54-b1bd-4fb7-ad6a-cb92b3de6021,2005-12-19,17.78,0.07697641862429591,0,0,0,0,0,1,0,0,0,0,0,0,0,0,0,0,1,0,1,0,1,0,0,0,0,0,1,1,0,0,0,0
William Alice,8e8f794e-8600-4f00-af5d-b41c80b22104,2016-02-29,7.57,0.08102264458608605,0,1,0,0,0,0,0,0,0,0,1,0,0,0,0,0,0,0,1,0,0,0,1,0,1,0,0,1,0,0,0,0
Jane Jane,b4f5029e-7bb8-4a5d-a2d8-4593c29ec54e,2014-06-09,9.3,0.07630149235601764,0,0,0,0,0,1,0,0,0,0,0,0,0,0,0,0,1,1,0,0,1,0,0,0,1,0,0,1,0,0,0,0
Nansukusa Namwalwa,9925149f-337b-4cf4-930c-f826a0a55f9b,2008-01-25,15.67,0.08915671564456576,0,0,0,1,0,0,0,0,0,0,0,0,0,0,0,1,0,0,1,0,1,0,0,0,0,0,1,1,0,0,0,0
Sarah Florence,7b657f63-4092-4298-b8f8-12eac84c365c,2019-02-25,4.58,0.09266376097420291,1,0,0,0,0,0,0,0,0,0,0,1,0,0,0,0,0,0,1,0,0,0,1,1,0,0,0,1,0,0,0,0
Sarah Sarah,7a60a275-941c-429b-b798-66b8a03a4253,2022-09-20,1.01,0.09678120476597328,1,0,0,0,0,0,0,0,0,0,0,0,0,0,0,0,1,1,0,0,1,0,0,1,0,0,0,1,0,0,0,0
Namwalwa James,031b6d67-21de-420c-9b7c-330ce20617c2,2006-04-25,17.43,0.069992080944981,0,0,0,0,1,0,0,0,0,0,0,0,0,0,1,0,0,1,0,0,0,1,0,0,0,0,1,1,0,0,0,0
Bridget James,9bd1c4c4-65bf-42ce-a940-21352402ac19,2020-10-28,2.91,0.07366968507336828,0,0,0,0,0,1,0,0,0,1,0,0,0,0,0,0,0,1,0,0,0,0,1,1,0,0,0,1,0,0,0,0
Bridget Alice,05346bbb-f6f7-48b7-8f34-b3dbd5a35620,2005-02-01,18.65,0.06159652460390444,0,0,0,0,1,0,0,0,0,0,0,0,0,0,1,0,0,1,0,1,0,0,0,0,0,0,1,1,0,0,0,0
Bridget Sarah,0461ea95-ac7c-4c09-b597-ac27f7de38ae,2010-09-13,13.04,0.05598004209754431,1,0,0,0,0,0,0,0,0,0,0,1,0,0,0,0,0,1,0,0,0,0,1,0,0,1,0,1,0,0,0,0
Florence Bridget,92fbdd91-c7c7-4ebd-bbca-cb370e346da3,2007-12-21,15.77,0.07690794739279298,0,0,0,0,1,0,0,0,0,0,1,0,0,0,0,0,0,1,0,0,0,0,1,0,0,0,1,1,0,0,0,0
Bridget Jane,e095bdc6-7bfd-457d-af05-b8a3ad2d366c,2006-06-07,17.31,0.07106154848761594,1,0,0,0,0,0,0,0,1,0,0,0,0,0,0,0,0,0,1,0,0,0,1,0,0,0,1,1,0,0,0,0
Namwalwa Nakinobe,5d2020a3-767c-4ba5-8451-f4e31c09d756,2012-12-20,10.77,0.06995987896960523,1,0,0,0,0,0,0,0,0,0,0,0,1,0,0,0,0,1,0,0,0,1,0,0,0,1,0,1,0,0,0,0
William Nakinobe,b0fbd3ad-e329-4ccc-81ff-c60334ae9be5,2012-05-23,11.35,0.0780566500778257,0,0,0,1,0,0,0,0,0,0,0,0,0,0,1,0,0,0,1,0,1,0,0,0,0,1,0,1,0,0,0,0
Nansukusa Florence,49858d6d-b0ab-4f74-951b-79e8b3e5a849,2011-01-25,12.67,0.09105619272366282,0,0,0,0,0,0,1,1,0,0,0,0,0,0,0,0,0,1,0,0,0,0,1,0,0,1,0,1,0,0,0,0
William William,b949659e-d372-43b0-b617-c66ba6e15d30,2011-03-10,12.55,0.07179643427324275,0,0,0,0,0,1,0,0,0,0,1,0,0,0,0,0,0,0,1,1,0,0,0,0,0,1,0,1,0,0,0,0
Bridget Namwalwa,266d370c-a5a0-439c-8b93-56667819c0e9,2014-12-28,8.75,0.06526723095986747,0,0,1,0,0,0,0,0,0,0,0,0,1,0,0,0,0,1,0,0,1,0,0,0,1,0,0,1,0,0,0,0
Nansukusa Jane,beb8a235-bc80-45f7-8727-18dac13cc18e,2017-02-07,6.63,0.07026743560028809,0,0,0,0,0,1,0,0,0,0,0,0,0,0,1,0,0,1,0,0,1,0,0,0,1,0,0,1,0,0,0,0
Sarah Florence,3f8279d1-dd9b-4089-9a69-4cae28b01419,2015-03-12,8.54,0.06374057123340816,1,0,0,0,0,0,0,0,0,0,0,0,0,0,1,0,0,1,0,0,0,0,1,0,1,0,0,1,0,0,0,0
Namwalwa Bridget,5f526c21-41e6-43f0-8525-7ce013aaa94c,2021-01-15,2.69,0.07860103514815989,0,0,0,0,0,0,1,0,0,0,0,1,0,0,0,0,0,0,1,0,1,0,0,1,0,0,0,1,0,0,0,0
Alice Jane,b2b8cfcd-e369-45e9-b31d-1bda1536562e,2016-03-21,7.52,0.07863456160019185,0,0,1,0,0,0,0,0,0,0,0,1,0,0,0,0,0,1,0,0,0,0,1,0,1,0,0,1,0,0,0,0
Jane Alice,cdd91690-c960-42dc-bd63-0d75386a5fb1,2008-04-03,15.48,0.0565046484824163,0,0,0,1,0,0,0,0,0,0,0,0,0,1,0,0,0,0,1,0,0,0,1,0,0,0,1,1,0,0,0,0
Jane Nakinobe,94dc2852-b02f-4fdc-b41f-5d96fd8d3df4,2017-03-11,6.54,0.0761472053532236,0,0,0,1,0,0,0,0,0,0,0,0,0,0,0,0,1,0,1,0,1,0,0,0,1,0,0,1,0,0,0,0
Jane Nansukusa,9715e5f0-c1b0-43bb-bcd8-6c46c8e5143c,2008-05-24,15.35,0.07126860567708465,0,0,0,1,0,0,0,0,0,0,0,0,0,0,0,1,0,0,1,1,0,0,0,0,0,0,1,1,0,0,0,0
Alice James,6d3154df-ee71-4afb-813d-7eb770756506,2018-09-08,5.05,0.05088278530493874,0,0,1,0,0,0,0,0,0,0,0,0,0,1,0,0,0,0,1,0,1,0,0,0,1,0,0,1,0,0,0,0
James Nakinobe,c9d3a496-301c-416f-b4a9-fee4ac5adfae,2007-06-03,16.32,0.08457554954256803,0,0,1,0,0,0,0,1,0,0,0,0,0,0,0,0,0,1,0,0,0,1,0,0,0,0,1,1,0,0,0,0
Nansukusa Nansukusa,f883b23a-5cbb-427a-92e3-b35ed1a5c957,2013-05-29,10.33,0.0780478333026933,0,1,0,0,0,0,0,0,0,0,0,0,1,0,0,0,0,1,0,1,0,0,0,0,0,1,0,1,0,0,0,0
Nansukusa Nansukusa,1cc5a4e6-a7ee-48a7-8096-5c52a1923fe8,2017-05-13,6.37,0.0938605462634991,0,0,0,0,1,0,0,0,0,0,0,0,0,1,0,0,0,1,0,0,0,0,1,0,1,0,0,1,0,0,0,0
Florence Jane,c9b6589d-0efc-47a8-8d92-641d2c1292d1,2010-10-14,12.95,0.06899345904701489,1,0,0,0,0,0,0,0,0,1,0,0,0,0,0,0,0,0,1,1,0,0,0,0,0,1,0,1,0,0,0,0
James Nansukusa,398cdb3c-1ee7-4f10-bdba-2ad164bbd32e,2008-02-02,15.65,0.07445210821007836,0,0,0,0,1,0,0,0,1,0,0,0,0,0,0,0,0,0,1,0,0,1,0,0,0,0,1,1,0,0,0,0
Bridget Namwalwa,55b83c47-6b4b-4430-bb87-4e97525ac50a,2005-03-10,18.55,0.06577877700601698,0,0,0,0,1,0,0,0,0,0,0,1,0,0,0,0,0,0,1,0,0,0,1,0,0,0,1,1,0,0,0,0
Namwalwa Florence,6b2870a6-67be-4a5c-b4ff-c98a64af7bc2,2017-10-18,5.94,0.06269967252063888,1,0,0,0,0,0,0,1,0,0,0,0,0,0,0,0,0,1,0,1,0,0,0,0,1,0,0,1,0,0,0,0
Sarah Namwalwa,db104b0a-493b-41cb-9ba8-681a571fc9f9,2006-11-05,16.9,0.0835310063524174,0,0,0,1,0,0,0,1,0,0,0,0,0,0,0,0,0,1,0,0,0,0,1,0,0,0,1,1,0,0,0,0
James James,d8ec0ca3-ee75-4f16-a6a1-82c01fffec9a,2004-03-12,19.55,0.0638744701443679,0,1,0,0,0,0,0,0,0,0,0,1,0,0,0,0,0,1,0,0,0,0,1,0,0,0,1,1,0,0,0,0
Nakinobe William,25f871ab-890f-404a-8a17-a9aa84a0b63e,2006-04-12,17.46,0.07127459761276804,0,0,1,0,0,0,0,0,0,0,0,1,0,0,0,0,0,1,0,0,1,0,0,0,0,0,1,1,0,0,0,0
Sarah Namwalwa,ab1867ce-fdb9-4453-b9ea-129aae7b8138,2006-04-04,17.48,0.08071951491962145,0,0,0,0,0,1,0,0,0,0,0,1,0,0,0,0,0,0,1,0,0,0,1,0,0,0,1,1,0,0,0,0
Nansukusa William,46a60aa6-c104-4345-8e16-ebf9209a35e5,2022-10-03,0.98,0.07904720251722142,0,0,0,0,0,1,0,0,0,0,0,0,0,0,1,0,0,1,0,0,0,0,1,1,0,0,0,1,0,0,0,0
Jane Jane,1265d76a-32b6-41d3-9af4-e29e26190422,2020-06-12,3.28,0.08249441384178843,0,0,0,0,0,0,1,0,0,0,0,0,0,0,0,0,1,0,1,0,0,0,1,1,0,0,0,1,0,0,0,0
Florence Nakinobe,19da5728-a6fa-4bfe-b184-85cef277de4c,2004-07-16,19.2,0.06924601828835417,0,0,0,0,0,1,0,0,0,0,0,0,0,1,0,0,0,1,0,0,0,1,0,0,0,0,1,1,0,0,0,0
Florence Florence,4aef2797-b3d4-40bf-b2ec-ef0316d3196f,2021-04-01,2.48,0.07705498630788843,1,0,0,0,0,0,0,0,0,0,0,0,1,0,0,0,0,0,1,0,0,1,0,1,0,0,0,1,0,0,0,0
Florence James,dfdd681d-0408-43c5-83fc-c5bc8afb1018,2004-01-06,19.73,0.06903923668935996,0,0,1,0,0,0,0,0,0,0,0,0,1,0,0,0,0,0,1,0,1,0,0,0,0,0,1,1,0,0,0,0
Sarah Sarah,6b9680f8-96bd-45fa-ac2c-1a94ae9efcd1,2004-08-09,19.14,0.09248382163742265,0,0,0,0,0,0,1,0,0,0,1,0,0,0,0,0,0,1,0,1,0,0,0,0,0,0,1,1,0,0,0,0
Sarah Nakinobe,cc9d4439-b3c1-4308-b8f9-2b55f8dfe371,2008-11-25,14.84,0.07624544001857109,0,0,0,0,0,0,1,1,0,0,0,0,0,0,0,0,0,0,1,0,1,0,0,0,0,1,0,1,0,0,0,0
James Nakinobe,fabeb0fe-86ec-4dc4-9aa1-2ec4dcb459b3,2006-06-17,17.28,0.08070627360587507,0,0,0,0,1,0,0,0,0,1,0,0,0,0,0,0,0,0,1,0,0,0,1,0,0,0,1,1,0,0,0,0
Alice Namwalwa,a97922eb-990c-41bd-af59-ce8c70b5dc3b,2004-12-08,18.81,0.0644386984271821,0,0,0,1,0,0,0,0,0,0,0,0,0,0,0,0,1,1,0,0,0,1,0,0,0,0,1,1,0,0,0,0
Bridget Jane,fff9eeea-9b06-4b79-9baa-f3b79a104b95,2015-11-06,7.89,0.07624032967315908,0,0,0,0,0,0,1,0,0,0,0,1,0,0,0,0,0,0,1,0,0,0,1,0,1,0,0,1,0,0,0,0
Sarah Florence,4925852a-71d8-4795-b1ed-913613b910b6,2020-01-12,3.7,0.051329085077342004,0,0,1,0,0,0,0,1,0,0,0,0,0,0,0,0,0,0,1,0,1,0,0,1,0,0,0,1,0,0,0,0
Florence William,b4afc442-e9ea-4c3b-b2cc-16a779c8c48a,2012-06-16,11.28,0.06970104913210402,0,0,0,1,0,0,0,0,0,0,0,1,0,0,0,0,0,0,1,1,0,0,0,0,0,1,0,1,0,0,0,0
Nansukusa Nansukusa,3423fc51-7c69-46ad-8669-a3710cfdc04a,2009-10-16,13.95,0.06700056284807168,0,0,1,0,0,0,0,0,0,0,0,0,1,0,0,0,0,1,0,0,1,0,0,0,0,1,0,1,0,0,0,0
Namwalwa Florence,d540a9c7-3a2e-47c5-ae62-2aabbab22cdb,2003-10-27,19.92,0.059854643837488786,0,0,0,0,1,0,0,1,0,0,0,0,0,0,0,0,0,1,0,1,0,0,0,0,0,0,1,1,0,0,0,0
James Bridget,27e559c4-206e-4205-9c82-9b176ac7d0a3,2019-12-15,3.78,0.07573686619885167,0,0,0,0,0,0,1,0,0,0,0,0,0,0,0,0,1,0,1,0,0,0,1,1,0,0,0,1,0,0,0,0
Florence William,c13eea32-f3a6-40b5-be2a-ca9d58e548e5,2005-04-13,18.46,0.07629371680045709,0,0,0,0,0,1,0,1,0,0,0,0,0,0,0,0,0,0,1,0,0,1,0,0,0,0,1,1,0,0,0,0
Alice Florence,96b47190-8155-4ad4-8378-59f75d876c75,2013-09-05,10.06,0.06976298876772748,0,0,1,0,0,0,0,0,0,0,0,0,0,1,0,0,0,1,0,0,0,0,1,0,0,1,0,1,0,0,0,0
Alice Nakinobe,7f984cd6-2ad0-455a-9dcd-a2dfbeb02120,2022-04-20,1.43,0.06688379716767251,0,1,0,0,0,0,0,0,0,0,0,0,0,0,1,0,0,1,0,1,0,0,0,1,0,0,0,1,0,0,0,0
Sarah Bridget,66a84480-bd49-4fae-a388-7c49960a6e76,2007-05-25,16.35,0.06896434265661291,0,0,0,1,0,0,0,0,0,1,0,0,0,0,0,0,0,1,0,0,0,0,1,0,0,0,1,1,0,0,0,0
Bridget Sarah,688aed3b-bf0f-4883-9f10-df0d0d474036,2023-02-14,0.61,0.05561638340388343,0,0,0,0,1,0,0,0,0,0,1,0,0,0,0,0,0,0,1,0,1,0,0,1,0,0,0,1,0,0,0,0
Florence Bridget,37cbd198-cbfa-4884-8e07-c50f9837cee9,2022-01-06,1.72,0.06585472828069472,0,1,0,0,0,0,0,0,0,0,0,1,0,0,0,0,0,0,1,0,1,0,0,1,0,0,0,1,0,0,0,0
Namwalwa Alice,5848683b-dcfc-4b32-892a-0198de6abf17,2021-11-02,1.89,0.07687346585738807,0,0,0,0,0,1,0,0,0,0,0,0,0,1,0,0,0,0,1,0,0,1,0,1,0,0,0,1,0,0,0,0
Nakinobe Namwalwa,baeaa888-d85e-4848-be08-e43322c5951b,2009-04-09,14.47,0.0709171770172976,0,1,0,0,0,0,0,0,0,1,0,0,0,0,0,0,0,1,0,0,0,1,0,0,0,1,0,1,0,0,0,0
Namwalwa William,0300a8e9-e2ce-4984-999f-0b326666b4f9,2013-01-28,10.66,0.06691619304693422,0,0,0,0,0,1,0,0,0,0,0,1,0,0,0,0,0,0,1,1,0,0,0,0,0,1,0,1,0,0,0,0
Nakinobe Nansukusa,1c932f6a-9fb2-45ef-8684-3727db82c4db,2022-10-07,0.96,0.06978016930658153,1,0,0,0,0,0,0,0,1,0,0,0,0,0,0,0,0,1,0,1,0,0,0,1,0,0,0,1,0,0,0,0
Nakinobe Bridget,ae28d635-bf0c-4e94-bd4a-3377a1b3f9e3,2020-09-20,3.01,0.06912500334260846,0,0,1,0,0,0,0,1,0,0,0,0,0,0,0,0,0,0,1,0,0,0,1,1,0,0,0,1,0,0,0,0
Alice Alice,3b630f44-a38c-4d0b-a394-e0b447fb3c1a,2020-04-12,3.45,0.07599789925963535,0,1,0,0,0,0,0,0,0,0,0,0,0,0,1,0,0,1,0,1,0,0,0,1,0,0,0,1,0,0,0,0
Namwalwa Namwalwa,564fe5f2-125b-4126-b015-2486b2cc68bb,2023-09-05,0.05,0.2872647454623596,0,0,0,0,1,0,0,0,0,0,0,0,1,0,0,0,0,0,1,0,0,0,1,1,0,0,0,0,0,1,0,0
Namwalwa Namwalwa,aadf5f27-9e02-4725-ada5-fa9d06cfb8dd,2023-04-25,0.42,0.06947338549667054,0,0,0,0,0,0,1,0,0,0,0,0,1,0,0,0,0,1,0,0,1,0,0,1,0,0,0,1,0,0,0,0
Jane Bridget,84d6f271-721d-4e08-b5a7-7e5e970a4bf4,2006-10-03,16.99,0.08163156635602116,0,0,0,0,0,0,1,0,1,0,0,0,0,0,0,0,0,1,0,0,0,1,0,0,0,0,1,1,0,0,0,0
Namwalwa Jane,4cdebd31-1466-41bd-bbae-af8c9243ec73,2006-01-14,17.7,0.07045744149424416,0,0,1,0,0,0,0,0,0,0,0,0,0,0,0,0,1,1,0,1,0,0,0,0,0,0,1,1,0,0,0,0
Florence Sarah,bed8aa02-ca8e-4009-a203-ab053f73ff4d,2011-03-09,12.55,0.0753069626778137,0,0,0,1,0,0,0,0,1,0,0,0,0,0,0,0,0,1,0,0,0,0,1,0,0,1,0,1,0,0,0,0
Sarah William,c2cc5f2b-84da-4fee-9426-f3cdabb141d7,2009-06-23,14.26,0.08428842717367586,0,0,1,0,0,0,0,0,0,0,0,0,1,0,0,0,0,1,0,1,0,0,0,0,0,1,0,1,0,0,0,0
Namwalwa James,030fccf8-2233-447d-ba51-2019e2087bb6,2014-11-17,8.86,0.07045694738890972,1,0,0,0,0,0,0,1,0,0,0,0,0,0,0,0,0,0,1,0,1,0,0,0,1,0,0,1,0,0,0,0
Bridget Sarah,63f0ec98-4659-46b5-a076-87122bd9d6b7,2015-02-14,8.61,0.08091333455065026,0,0,1,0,0,0,0,1,0,0,0,0,0,0,0,0,0,1,0,1,0,0,0,0,1,0,0,1,0,0,0,0
Bridget Nansukusa,f15bc4b2-8a05-4a95-abe8-27fa19856b2a,2022-03-25,1.5,0.0968310839168528,1,0,0,0,0,0,0,0,0,0,0,0,0,1,0,0,0,0,1,0,1,0,0,1,0,0,0,1,0,0,0,0
Sarah Nansukusa,914cce88-e503-417c-a5be-9e025f988db0,2008-06-17,15.28,0.0887224317728885,0,0,1,0,0,0,0,0,0,0,0,0,0,0,0,0,1,1,0,0,0,0,1,0,0,0,1,1,0,0,0,0
Alice Nakinobe,4bb5ca12-7fdf-4032-919a-e632d45547e3,2007-07-26,16.18,0.06949956850351435,0,0,1,0,0,0,0,0,1,0,0,0,0,0,0,0,0,0,1,0,1,0,0,0,0,0,1,1,0,0,0,0
Namwalwa Bridget,05f0b2d4-a934-4fb8-83ea-e50f5db87e42,2016-10-04,6.98,0.042006118514020675,0,0,0,1,0,0,0,0,0,0,0,0,0,0,0,1,0,0,1,1,0,0,0,0,1,0,0,1,0,0,0,0
Jane William,d4f26919-af01-4c9c-ae95-a2c96ddf2eb5,2018-06-13,5.28,0.07305522945320754,0,0,0,0,1,0,0,0,0,0,0,0,1,0,0,0,0,1,0,0,1,0,0,0,1,0,0,1,0,0,0,0
Nakinobe Nansukusa,c9b93253-8037-451a-9d37-f7f1cbdd0a75,2022-09-02,1.06,0.10520248292368248,1,0,0,0,0,0,0,0,0,0,0,0,0,0,1,0,0,1,0,0,0,1,0,1,0,0,0,1,0,0,0,0
Jane Alice,3264ce39-183e-4797-9bb4-61249b2fe13f,2006-11-12,16.88,0.07437070664553114,0,0,0,0,0,0,1,0,1,0,0,0,0,0,0,0,0,0,1,1,0,0,0,0,0,0,1,1,0,0,0,0
William Florence,df1462fe-0f9c-4ace-ac9d-f8eac55fc3ba,2020-05-30,3.32,0.08350082025308858,1,0,0,0,0,0,0,0,1,0,0,0,0,0,0,0,0,0,1,0,0,1,0,1,0,0,0,1,0,0,0,0
Jane Namwalwa,0a5dce75-9ab1-40bb-a622-559288bfdb53,2020-03-04,3.56,0.06957597944572622,0,0,0,1,0,0,0,1,0,0,0,0,0,0,0,0,0,0,1,1,0,0,0,1,0,0,0,1,0,0,0,0
Bridget Bridget,93e6c2a1-303a-4669-bbaa-b5ed36b034c5,2015-08-09,8.13,0.07574523103515271,0,0,0,1,0,0,0,1,0,0,0,0,0,0,0,0,0,1,0,0,0,0,1,0,1,0,0,1,0,0,0,0
Jane Nansukusa,d01f1783-4253-4f50-9669-a48db8c1bfaa,2004-01-05,19.73,0.07105012570803113,1,0,0,0,0,0,0,0,0,0,0,0,0,1,0,0,0,0,1,0,0,1,0,0,0,0,1,1,0,0,0,0
Sarah Sarah,15dacdab-3c72-4a3f-86b2-e8ad8140e93f,2005-04-11,18.47,0.08410042872702887,1,0,0,0,0,0,0,0,0,0,0,0,0,1,0,0,0,1,0,0,0,1,0,0,0,0,1,1,0,0,0,0
Namwalwa Namwalwa,4fee216b-99da-436a-a47d-025a61592f00,2011-08-27,12.08,0.07661217095910745,0,0,0,0,0,0,1,0,0,0,0,0,0,0,0,0,1,0,1,0,0,0,1,0,0,1,0,1,0,0,0,0
Namwalwa James,0f5b6b2f-d723-4639-97c0-a9be14e68844,2006-11-13,16.87,0.06846917508877488,0,0,0,0,0,0,1,0,0,0,0,0,0,0,0,1,0,1,0,0,0,1,0,0,0,0,1,1,0,0,0,0
Jane Nansukusa,fdd863a0-c55c-4b25-a5dc-a9654a2bf10b,2023-01-15,0.69,0.08637200564766237,0,0,0,1,0,0,0,0,0,0,1,0,0,0,0,0,0,1,0,1,0,0,0,1,0,0,0,1,0,0,0,0
Nansukusa William,51fc9e60-c20c-454b-afa1-ceac1141394c,2009-01-17,14.69,0.045241377240208935,0,0,0,0,0,1,0,0,0,0,0,0,0,0,1,0,0,1,0,0,0,1,0,0,0,1,0,1,0,0,0,0
Jane Sarah,da4cc6f3-7e66-4235-ad05-034332dd2268,2013-11-13,9.87,0.0757744819433107,1,0,0,0,0,0,0,0,0,0,1,0,0,0,0,0,0,1,0,1,0,0,0,0,1,0,0,1,0,0,0,0
Nakinobe Bridget,f20127a4-1906-47b4-ad3f-d86309fe8b68,2004-03-20,19.53,0.08005946861744148,0,0,0,0,0,0,1,0,0,1,0,0,0,0,0,0,0,1,0,0,1,0,0,0,0,0,1,1,0,0,0,0
Florence Alice,5767485b-3df6-485c-993c-726ca81399bc,2017-08-08,6.13,0.07642089003468298,1,0,0,0,0,0,0,0,0,0,0,0,0,1,0,0,0,1,0,0,0,0,1,0,1,0,0,1,0,0,0,0
Bridget Florence,7bb278c7-c84a-4d41-a9e2-02bd10e2408d,2021-08-17,2.1,0.07599658521986848,0,0,0,0,0,0,1,0,0,0,0,0,1,0,0,0,0,1,0,0,0,0,1,1,0,0,0,1,0,0,0,0
Nansukusa William,d1e131d6-8605-4e52-b42f-ce510977354e,2011-01-26,12.67,0.06588216746856271,0,0,0,0,0,0,1,0,0,1,0,0,0,0,0,0,0,0,1,1,0,0,0,0,0,1,0,1,0,0,0,0
Florence Namwalwa,95511c73-d8c6-4b16-8950-182e1182bcb0,2009-09-20,14.02,0.0884088564364307,0,0,0,0,1,0,0,0,0,0,0,0,0,0,1,0,0,1,0,1,0,0,0,0,0,1,0,1,0,0,0,0
Nansukusa Sarah,dac78fc8-baa9-4899-bb62-60fe24f2991f,2022-10-11,0.95,0.05529891632454401,0,0,1,0,0,0,0,0,0,0,0,1,0,0,0,0,0,1,0,0,1,0,0,1,0,0,0,1,0,0,0,0
Sarah Bridget,4a18e9f7-f2be-4c51-b332-07407282f5d8,2008-05-10,15.38,0.06469751214048675,0,0,0,0,1,0,0,0,0,0,0,0,0,0,0,0,1,0,1,1,0,0,0,0,0,0,1,1,0,0,0,0
Alice James,4f338a1e-9b21-41c5-bf82-229f00224300,2013-01-15,10.7,0.06758986486468033,0,0,1,0,0,0,0,0,0,0,0,0,0,0,0,1,0,1,0,0,1,0,0,0,0,1,0,1,0,0,0,0
Namwalwa James,832e5277-61cc-478b-b78f-1020f4460766,2021-10-29,1.9,0.06737962267946233,0,0,0,1,0,0,0,0,1,0,0,0,0,0,0,0,0,0,1,0,1,0,0,1,0,0,0,1,0,0,0,0
James Nansukusa,c631e29c-d496-4fda-abd5-0cf889b57b5c,2022-12-05,0.8,0.10659140770170596,1,0,0,0,0,0,0,0,0,0,0,0,0,0,1,0,0,1,0,0,0,1,0,1,0,0,0,1,0,0,0,0
Bridget James,a5947791-c759-4e4f-9be6-70064943fb2b,2019-02-08,4.63,0.06663023715074155,0,0,1,0,0,0,0,0,0,0,0,0,0,1,0,0,0,0,1,1,0,0,0,1,0,0,0,1,0,0,0,0
William Bridget,1c688b37-481e-4c34-879e-b2b1e80fb107,2016-04-11,7.46,0.08801191791121574,0,0,0,0,0,0,1,0,0,0,1,0,0,0,0,0,0,0,1,0,0,0,1,0,1,0,0,1,0,0,0,0
Sarah Bridget,e20c202b-3aec-47e1-a770-02ca52568273,2020-06-03,3.31,0.09138346552674573,0,0,0,1,0,0,0,0,0,0,0,0,0,0,0,1,0,1,0,0,0,1,0,1,0,0,0,1,0,0,0,0
Nansukusa Sarah,4bd2c7b3-c0f4-4b2c-84c1-eed324a9117b,2019-04-11,4.46,0.0740292632216523,0,0,0,0,0,0,1,0,0,0,0,0,1,0,0,0,0,0,1,0,0,1,0,1,0,0,0,1,0,0,0,0
Nakinobe Florence,9b718837-1f9a-46f1-924a-c5a49ea1e3be,2015-12-05,7.81,0.09054927508728157,0,0,0,0,0,0,1,0,1,0,0,0,0,0,0,0,0,1,0,1,0,0,0,0,1,0,0,1,0,0,0,0
Namwalwa James,ee0b91e1-9854-4b2c-b233-b3583198355e,2006-05-03,17.41,0.07729039554428943,0,0,0,0,0,0,1,0,0,0,0,0,0,0,0,0,1,1,0,0,0,0,1,0,0,0,1,1,0,0,0,0
James Nansukusa,dfed20b1-fabe-4db1-a8b2-8fcc1ac24797,2013-11-30,9.82,0.08210525710048563,0,0,0,0,1,0,0,0,0,0,0,0,0,0,0,1,0,0,1,0,0,1,0,0,1,0,0,1,0,0,0,0
Nansukusa Sarah,b47ac840-25d6-4738-b9a1-579900781666,2014-01-27,9.66,0.07751023769328272,1,0,0,0,0,0,0,0,0,0,0,1,0,0,0,0,0,1,0,0,0,0,1,0,1,0,0,1,0,0,0,0
James William,cc76003d-3255-4b58-bc9d-148af462dc58,2021-10-18,1.93,0.06138948798728503,0,0,0,0,0,0,1,0,0,0,0,0,0,0,0,0,1,0,1,1,0,0,0,1,0,0,0,1,0,0,0,0
Alice Florence,00cadfba-fa47-4fdb-b2db-7e14b2dfec7e,2015-01-12,8.7,0.07621910374069527,0,0,0,0,1,0,0,0,0,0,1,0,0,0,0,0,0,1,0,0,1,0,0,0,1,0,0,1,0,0,0,0
Alice Bridget,187b4d7f-52a9-406a-8b61-d968db4663bc,2020-04-12,3.45,0.06590972613618733,0,0,0,0,1,0,0,1,0,0,0,0,0,0,0,0,0,0,1,0,1,0,0,1,0,0,0,1,0,0,0,0
Sarah Jane,588aff0f-8e27-4de5-8e40-54366352377e,2023-07-14,0.2,0.09428308096775845,1,0,0,0,0,0,0,0,0,0,1,0,0,0,0,0,0,1,0,1,0,0,0,1,0,0,0,1,0,0,0,0
Alice James,2bde3728-18d7-4bb9-8eea-265a6a55f489,2017-11-10,5.87,0.0708863637708054,1,0,0,0,0,0,0,0,0,0,0,0,1,0,0,0,0,1,0,0,0,0,1,0,1,0,0,1,0,0,0,0
Florence Jane,106ba3e8-ed16-4c04-80b7-b169d698f9a7,2020-04-18,3.44,0.07586992448172554,0,0,1,0,0,0,0,0,1,0,0,0,0,0,0,0,0,1,0,0,0,1,0,1,0,0,0,1,0,0,0,0
Nansukusa Nakinobe,ad75c812-4c19-4493-913b-5d5fa363d6ba,2018-01-07,5.72,0.08026124231382412,0,0,0,0,1,0,0,0,0,0,0,0,1,0,0,0,0,1,0,0,0,0,1,0,1,0,0,1,0,0,0,0
Florence Florence,5e4033f9-61cc-4b3d-8158-97a1fb26444f,2021-07-04,2.22,0.08090334630530052,0,0,0,0,0,0,1,0,0,1,0,0,0,0,0,0,0,0,1,1,0,0,0,1,0,0,0,1,0,0,0,0
Bridget Bridget,a6314cea-651c-4c6e-b2f7-dcfb8d44dc38,2017-12-14,5.78,0.07737565029703666,0,0,1,0,0,0,0,0,0,0,1,0,0,0,0,0,0,0,1,0,1,0,0,0,1,0,0,1,0,0,0,0
Bridget Bridget,42952004-5fc4-4ee5-b9a9-b97239325852,2018-04-23,5.42,0.06152721591294906,0,0,0,0,1,0,0,1,0,0,0,0,0,0,0,0,0,1,0,1,0,0,0,0,1,0,0,1,0,0,0,0
Florence William,e1c687ec-c139-4ae2-97f8-5b6943ab3937,2021-04-05,2.47,0.09320417386997076,0,0,0,0,0,1,0,0,0,0,0,0,0,0,0,0,1,0,1,0,1,0,0,1,0,0,0,1,0,0,0,0
Alice Namwalwa,853f17a3-28c6-44ce-b7c2-b51908c85d35,2004-09-28,19.0,0.0685664236280499,0,0,0,0,0,1,0,0,0,0,0,0,0,0,1,0,0,0,1,0,0,1,0,0,0,0,1,1,0,0,0,0
James Namwalwa,c92a690b-418a-4280-bb05-61462f27ea1d,2021-12-21,1.76,0.044844347927381546,0,0,0,0,0,0,1,0,0,0,0,0,1,0,0,0,0,1,0,0,1,0,0,1,0,0,0,1,0,0,0,0
William James,60137c9c-f00f-47b6-bc6c-893dbd006b68,2016-05-31,7.32,0.07984834561639395,0,0,1,0,0,0,0,0,0,0,0,0,0,1,0,0,0,0,1,0,1,0,0,0,1,0,0,1,0,0,0,0
Florence Florence,4ef3fd66-0b41-4ecd-8dbe-50f032678458,2020-12-08,2.79,0.09604195978225849,0,0,0,0,1,0,0,0,0,0,0,0,0,0,0,1,0,0,1,1,0,0,0,1,0,0,0,1,0,0,0,0
Namwalwa William,bcafcde9-c2ef-4e42-b502-dea6c82af5e6,2013-04-17,10.44,0.07710251830819781,0,0,0,0,0,0,1,0,0,0,0,0,0,0,0,0,1,0,1,1,0,0,0,0,0,1,0,1,0,0,0,0
Nakinobe Alice,a3eb7335-faa1-4af1-b1a5-cda2af0ca07d,2010-04-26,13.42,0.0795590192778672,0,1,0,0,0,0,0,0,0,0,0,1,0,0,0,0,0,1,0,0,0,0,1,0,0,1,0,1,0,0,0,0
Nakinobe Jane,09378d3c-a7eb-4655-836e-3efe9c2c4571,2013-10-10,9.96,0.06355190400760305,0,0,0,1,0,0,0,0,0,0,0,0,0,1,0,0,0,0,1,0,1,0,0,0,1,0,0,1,0,0,0,0
Bridget Alice,c8c4a94e-d5ef-4b72-957e-8e6bacc9cfdb,2005-09-09,18.05,0.07043162882736792,1,0,0,0,0,0,0,0,1,0,0,0,0,0,0,0,0,0,1,0,0,1,0,0,0,0,1,1,0,0,0,0
Sarah Namwalwa,f5226985-4b96-4e15-ad99-e40fd44fd201,2022-09-04,1.05,0.0661533983875948,0,0,0,0,1,0,0,0,0,0,0,0,0,0,0,0,1,0,1,1,0,0,0,1,0,0,0,1,0,0,0,0
Jane Alice,c5c09c92-50e3-4a94-928c-2227b92670ce,2019-04-26,4.42,0.07038845914913133,1,0,0,0,0,0,0,1,0,0,0,0,0,0,0,0,0,0,1,1,0,0,0,1,0,0,0,1,0,0,0,0
James Namwalwa,5633c55d-bff1-43c4-8f0a-b19913313617,2007-06-01,16.33,0.0705266843158889,1,0,0,0,0,0,0,0,1,0,0,0,0,0,0,0,0,1,0,1,0,0,0,0,0,0,1,1,0,0,0,0
Nansukusa Sarah,9c82fa5f-7839-4a47-9ca4-4926f34405fe,2008-07-24,15.18,0.0850809279833465,0,0,0,1,0,0,0,1,0,0,0,0,0,0,0,0,0,0,1,0,0,1,0,0,0,0,1,1,0,0,0,0
Nakinobe William,ccea87f3-23c7-4580-b834-9c7952b92b6b,2022-11-02,0.89,0.10989017716326936,0,0,0,0,1,0,0,0,0,0,0,0,0,0,0,0,1,1,0,0,0,0,1,1,0,0,0,1,0,0,0,0
William Nakinobe,34f7fef8-f666-4889-a283-2b8c05546c5c,2004-04-18,19.45,0.059233405092090415,0,1,0,0,0,0,0,0,1,0,0,0,0,0,0,0,0,1,0,0,1,0,0,0,0,0,1,1,0,0,0,0
Bridget Nakinobe,d04f95b5-165c-4614-b61c-73c3f7ba4cec,2023-09-14,0.03,0.0850958593711036,0,1,0,0,0,0,0,0,0,0,0,1,0,0,0,0,0,0,1,0,1,0,0,1,0,0,0,0,0,1,0,0
James William,b06610f6-5b56-4604-b022-6fdf09f0c6ae,2012-11-03,10.9,0.06619506166021726,0,0,0,0,1,0,0,0,0,0,0,0,0,0,0,1,0,0,1,0,0,1,0,0,0,1,0,1,0,0,0,0
Bridget Nakinobe,6e15df4c-aeb7-4b10-8bcf-83dd7db0dff1,2004-01-11,19.72,0.08840131872874407,0,0,0,0,1,0,0,0,0,0,0,0,0,1,0,0,0,1,0,0,0,1,0,0,0,0,1,1,0,0,0,0
Nakinobe Sarah,39b37fe8-6672-4f7f-8b5f-d2615c3e0311,2021-10-30,1.9,0.07724240810113991,0,0,0,0,0,0,1,0,0,0,0,0,0,0,1,0,0,0,1,1,0,0,0,1,0,0,0,1,0,0,0,0
Bridget William,10826294-22f3-4f8e-ab57-8ddb6a93466b,2011-12-04,11.81,0.08089620284283262,0,0,0,0,0,0,1,0,0,0,0,0,0,1,0,0,0,1,0,0,0,1,0,0,0,1,0,1,0,0,0,0
Alice Florence,e4b391c8-1bfc-4f08-a1cf-5e70896cb470,2015-04-16,8.45,0.07846569047958114,0,1,0,0,0,0,0,0,1,0,0,0,0,0,0,0,0,0,1,1,0,0,0,0,1,0,0,1,0,0,0,0
William Namwalwa,9a6463f8-9633-480f-b215-83b8d2c78bd0,2014-04-15,9.45,0.07099958389862994,0,0,0,0,1,0,0,0,0,0,0,0,0,0,0,0,1,0,1,0,0,0,1,0,1,0,0,1,0,0,0,0
Nakinobe Nansukusa,c9438713-f0cb-4637-96cb-e17563ba27d0,2009-12-31,13.74,0.07161007213885759,0,0,0,0,0,0,1,0,0,0,0,0,0,1,0,0,0,1,0,0,0,0,1,0,0,1,0,1,0,0,0,0
Alice Nakinobe,1ffc3a86-187d-4271-8ffd-41948c29d018,2006-09-15,17.04,0.0727026288067788,0,0,0,0,0,1,0,0,0,0,0,0,1,0,0,0,0,1,0,1,0,0,0,0,0,0,1,1,0,0,0,0
James Namwalwa,e6ee3943-e160-4e9e-9880-37bbe3cea709,2018-10-23,4.92,0.07619494083785076,0,0,0,0,0,1,0,0,0,0,1,0,0,0,0,0,0,0,1,0,0,1,0,1,0,0,0,1,0,0,0,0
Florence Bridget,9de07432-cdab-482a-8dd3-64d7ba4685a5,2020-03-31,3.48,0.08696631864193824,0,0,1,0,0,0,0,0,0,0,0,0,1,0,0,0,0,1,0,1,0,0,0,1,0,0,0,1,0,0,0,0
Alice Bridget,8a72a1ff-91c5-44db-86a9-d48847cb38b7,2003-11-25,19.84,0.06231116118885072,0,1,0,0,0,0,0,0,0,0,0,0,0,0,1,0,0,1,0,0,0,1,0,0,0,0,1,1,0,0,0,0
Alice Namwalwa,a36b7b39-c9f1-494a-a5b0-cc31141f0669,2006-08-12,17.13,0.06828982251602905,0,1,0,0,0,0,0,0,0,0,1,0,0,0,0,0,0,0,1,1,0,0,0,0,0,0,1,1,0,0,0,0
Nakinobe James,bd003067-870a-4d8c-a0b2-53e94e04819d,2006-11-19,16.86,0.07138485966777865,0,1,0,0,0,0,0,1,0,0,0,0,0,0,0,0,0,0,1,0,1,0,0,0,0,0,1,1,0,0,0,0
Namwalwa Namwalwa,68774527-3cb8-4cbf-a887-db4367d84361,2016-05-14,7.37,0.06551063518784832,0,0,0,0,0,0,1,0,0,0,0,0,0,1,0,0,0,0,1,0,1,0,0,0,1,0,0,1,0,0,0,0
Nansukusa Jane,21970383-47dc-424c-af00-e111bc558838,2023-05-31,0.32,0.03042274723354337,0,0,1,0,0,0,0,0,0,0,0,1,0,0,0,0,0,1,0,1,0,0,0,1,0,0,0,1,0,0,0,0
James James,c6ac0dae-1cf2-48b4-900f-37475dd977a7,2012-04-20,11.44,0.07000057603861835,0,0,0,0,1,0,0,0,0,0,0,0,0,1,0,0,0,1,0,0,1,0,0,0,0,1,0,1,0,0,0,0
Nakinobe Bridget,0884039d-c12e-448d-8953-728b465c390b,2004-09-15,19.04,0.0679259971169407,0,0,1,0,0,0,0,0,0,1,0,0,0,0,0,0,0,0,1,1,0,0,0,0,0,0,1,1,0,0,0,0
Sarah James,6fe6be60-22fa-46bf-ab7f-b5b793202c54,2004-02-25,19.59,0.07468299681849375,0,0,1,0,0,0,0,1,0,0,0,0,0,0,0,0,0,0,1,1,0,0,0,0,0,0,1,1,0,0,0,0
Florence William,b05ab1c6-546b-4ff2-a768-eb566cd724d2,2007-10-15,15.95,0.08699720571581579,1,0,0,0,0,0,0,0,0,1,0,0,0,0,0,0,0,0,1,0,1,0,0,0,0,0,1,1,0,0,0,0
Florence Alice,a8cd3443-52bb-462e-a52d-b27e8d009a0a,2005-10-20,17.94,0.05907866546581707,0,0,0,0,0,1,0,1,0,0,0,0,0,0,0,0,0,1,0,1,0,0,0,0,0,0,1,1,0,0,0,0
Sarah James,b201585a-6597-43e7-ac33-71e6d4f9eb7f,2014-07-30,9.16,0.06393892905290549,0,0,0,0,0,0,1,0,1,0,0,0,0,0,0,0,0,1,0,0,0,0,1,0,1,0,0,1,0,0,0,0
James William,27b9f330-9a7c-4a99-b804-2ca0fb27e065,2018-05-22,5.35,0.05804589750377702,0,0,0,0,1,0,0,0,0,0,0,0,1,0,0,0,0,0,1,0,1,0,0,0,1,0,0,1,0,0,0,0
Namwalwa Bridget,a724c006-49cb-44fd-8f83-d8e3c110f383,2007-09-25,16.01,0.06760959479986645,0,1,0,0,0,0,0,0,0,0,1,0,0,0,0,0,0,0,1,0,0,1,0,0,0,0,1,1,0,0,0,0
Namwalwa James,007889e3-19a2-431c-8745-77ed74c36b4f,2011-06-28,12.25,0.06263017906014669,0,0,1,0,0,0,0,0,0,0,0,0,0,1,0,0,0,0,1,0,1,0,0,0,0,1,0,1,0,0,0,0
Florence Florence,6d99f7de-8e7d-4022-9a39-d953adbfd24e,2014-09-29,8.99,0.07074712204490026,0,0,0,0,0,1,0,1,0,0,0,0,0,0,0,0,0,0,1,0,0,0,1,0,1,0,0,1,0,0,0,0
Nansukusa James,f52c2c7a-d52c-43a3-ac07-0c7c40632fd0,2022-06-01,1.32,0.05697067483492402,0,0,0,0,1,0,0,0,0,0,0,0,0,0,0,1,0,1,0,0,0,1,0,1,0,0,0,1,0,0,0,0
Namwalwa Namwalwa,e72c5cb3-df44-4081-8719-c2d31939d5f6,2006-06-21,17.27,0.0879061720721035,0,0,0,0,0,1,0,1,0,0,0,0,0,0,0,0,0,1,0,0,0,1,0,0,0,0,1,1,0,0,0,0
Nansukusa Florence,09cf767a-4e57-40b5-9e8d-176265880bba,2004-03-01,19.58,0.05896758885548752,0,0,0,0,1,0,0,0,0,0,1,0,0,0,0,0,0,0,1,0,0,0,1,0,0,0,1,1,0,0,0,0
Sarah Florence,91693bb2-5846-4a23-bd07-167016ac92a7,2013-05-06,10.39,0.056250855067364366,0,0,0,0,0,1,0,0,0,0,0,0,0,1,0,0,0,1,0,0,0,1,0,0,0,1,0,1,0,0,0,0
William Jane,d541c766-1dac-4e44-88a9-070d3a50828d,2018-10-28,4.91,0.07452089124279283,0,0,0,0,0,1,0,1,0,0,0,0,0,0,0,0,0,0,1,0,0,1,0,1,0,0,0,1,0,0,0,0
Alice Nansukusa,ba8abe48-d07c-49bc-9b75-e7f4d7853b3d,2016-02-11,7.62,0.08049118698382227,0,0,0,0,0,0,1,0,1,0,0,0,0,0,0,0,0,0,1,0,0,0,1,0,1,0,0,1,0,0,0,0
Namwalwa Namwalwa,70fa437f-ece0-43b8-a0ee-c1440140f333,2016-07-03,7.23,0.048838182402695995,0,0,0,0,1,0,0,0,1,0,0,0,0,0,0,0,0,1,0,1,0,0,0,0,1,0,0,1,0,0,0,0
Namwalwa Nansukusa,4b57ef25-e34f-49e9-8354-b6d2c24ee604,2017-05-09,6.38,0.06323576565904723,0,1,0,0,0,0,0,0,0,0,0,0,0,0,0,1,0,0,1,1,0,0,0,0,1,0,0,1,0,0,0,0
Florence James,0051eb71-d451-445c-9a6e-714c61e90d0e,2005-06-06,18.31,0.0642389708512028,0,0,0,1,0,0,0,0,0,0,0,0,1,0,0,0,0,1,0,0,0,1,0,0,0,0,1,1,0,0,0,0
Nakinobe Nakinobe,43c8b2f1-eaab-4128-a926-20e18673f186,2005-07-05,18.23,0.06857040371155038,0,0,0,1,0,0,0,0,0,0,0,0,0,0,0,0,1,1,0,0,0,0,1,0,0,0,1,1,0,0,0,0
William Jane,45d49bfb-1877-460c-8d45-d3291b39fb32,2005-04-04,18.48,0.07631868005027906,1,0,0,0,0,0,0,0,0,0,0,0,0,0,0,0,1,0,1,0,1,0,0,0,0,0,1,1,0,0,0,0
Sarah William,afc644f2-82c7-483c-a3ba-edfe9579b6cb,2023-06-23,0.25,0.15841670007738942,0,0,0,0,1,0,0,0,0,0,0,0,0,1,0,0,0,1,0,0,0,1,0,1,0,0,0,1,0,0,0,0
Alice James,087b1ede-242d-4a55-a6f0-554388f426ae,2015-08-10,8.13,0.0893910065773246,0,0,1,0,0,0,0,1,0,0,0,0,0,0,0,0,0,0,1,0,0,1,0,0,1,0,0,1,0,0,0,0
Florence Namwalwa,340f5c06-0e19-4f1f-8d1d-dbccac19211e,2019-09-08,4.05,0.0755426630838355,1,0,0,0,0,0,0,0,0,0,0,0,0,0,0,1,0,1,0,0,1,0,0,1,0,0,0,1,0,0,0,0
Sarah Nakinobe,088aec60-a076-4a6e-99e3-8212403036a5,2019-10-11,3.96,0.07785198140409554,0,1,0,0,0,0,0,0,0,0,0,1,0,0,0,0,0,1,0,0,0,1,0,1,0,0,0,1,0,0,0,0
Nakinobe William,ea6fc96d-ce3d-4f3a-9595-1c89e03d51f6,2018-03-21,5.52,0.05675006764409752,0,0,0,0,0,0,1,1,0,0,0,0,0,0,0,0,0,0,1,0,0,0,1,0,1,0,0,1,0,0,0,0
James Florence,f6b9a201-7311-4920-b591-c20039fb1b41,2005-02-12,18.62,0.06622571731459366,1,0,0,0,0,0,0,0,0,0,0,1,0,0,0,0,0,0,1,0,0,1,0,0,0,0,1,1,0,0,0,0
James Nansukusa,285e8bfa-75a4-49f2-8a28-da8b3c254f9a,2015-08-05,8.14,0.07423802353269023,0,0,0,0,0,0,1,0,0,0,0,0,0,0,0,1,0,0,1,0,0,1,0,0,1,0,0,1,0,0,0,0
William Jane,8d3b27f1-fa62-4c43-8318-f95f223926ef,2022-01-03,1.72,0.079838021093058,0,0,1,0,0,0,0,0,0,0,0,0,0,0,0,1,0,1,0,0,0,0,1,1,0,0,0,1,0,0,0,0
Nakinobe Florence,696dc251-fb51-4ebe-b674-b4f90b15a523,2007-11-29,15.83,0.06551165160638729,0,0,0,0,0,0,1,0,0,0,0,0,0,0,0,0,1,0,1,0,0,1,0,0,0,0,1,1,0,0,0,0
Sarah Sarah,4237bdb2-eb41-432a-b63e-1cb1a6398f0b,2020-10-29,2.9,0.07346112527999121,0,1,0,0,0,0,0,0,1,0,0,0,0,0,0,0,0,0,1,0,0,1,0,1,0,0,0,1,0,0,0,0
Sarah William,6be375bd-ea76-4355-b182-117cb6127fd5,2009-08-25,14.09,0.10203870150822533,0,0,1,0,0,0,0,0,0,0,0,0,0,0,0,1,0,1,0,0,1,0,0,0,0,1,0,1,0,0,0,0
Alice Sarah,f2b024f6-f236-4336-b325-1210659325be,2014-02-02,9.65,0.07194391242728093,1,0,0,0,0,0,0,1,0,0,0,0,0,0,0,0,0,1,0,0,1,0,0,0,1,0,0,1,0,0,0,0
Sarah William,131193c3-2699-4d2d-9a84-00c31ebf2806,2020-01-09,3.71,0.09488356404233654,0,0,1,0,0,0,0,0,0,0,0,0,0,1,0,0,0,1,0,1,0,0,0,1,0,0,0,1,0,0,0,0
Bridget Nakinobe,343b2043-11cc-4833-86cd-b6785f5cae80,2015-09-02,8.07,0.07124305740922235,0,0,1,0,0,0,0,0,0,0,0,0,1,0,0,0,0,0,1,1,0,0,0,0,1,0,0,1,0,0,0,0
Florence Nansukusa,1b3cb5a8-1eb6-4e70-a3b8-4c8dee6e093b,2021-12-25,1.75,0.07635874395451367,0,0,1,0,0,0,0,0,0,0,0,0,0,0,0,0,1,1,0,0,0,1,0,1,0,0,0,1,0,0,0,0
Nakinobe Sarah,9485eb87-ac46-4404-bfd9-2198517b4316,2011-05-07,12.39,0.04809466616499613,0,0,0,0,0,1,0,1,0,0,0,0,0,0,0,0,0,1,0,1,0,0,0,0,0,1,0,1,0,0,0,0
Alice Alice,ac1f002a-fc9b-4e5d-9856-49fb03233c3a,2021-03-01,2.57,0.08503415126008901,0,0,1,0,0,0,0,1,0,0,0,0,0,0,0,0,0,0,1,0,0,1,0,1,0,0,0,1,0,0,0,0
Jane Florence,ca32bbad-4a52-4ff0-8b41-620d9838cc7b,2012-10-01,10.99,0.0703169600393488,0,1,0,0,0,0,0,0,0,0,0,0,0,0,1,0,0,0,1,1,0,0,0,0,0,1,0,1,0,0,0,0
James Sarah,f6ddfc22-519e-4f8e-a441-aa5762a5396a,2020-11-07,2.88,0.10137270263935763,0,0,0,1,0,0,0,0,0,0,0,0,0,1,0,0,0,0,1,0,0,0,1,1,0,0,0,1,0,0,0,0
Nansukusa James,eaf0eef3-9d89-44f2-9630-55388b26eaa0,2005-05-25,18.35,0.06238500775872838,1,0,0,0,0,0,0,0,0,1,0,0,0,0,0,0,0,0,1,1,0,0,0,0,0,0,1,1,0,0,0,0
James Nakinobe,638e81b5-6275-427a-b06f-3dc32d77a9d8,2021-04-22,2.42,0.075967198998895,1,0,0,0,0,0,0,0,0,0,1,0,0,0,0,0,0,0,1,1,0,0,0,1,0,0,0,1,0,0,0,0
Florence James,bce6e6b4-4baa-452e-b2ad-fd121cd275e5,2004-02-26,19.59,0.07409040458807764,0,0,0,0,1,0,0,0,0,1,0,0,0,0,0,0,0,1,0,1,0,0,0,0,0,0,1,1,0,0,0,0
Alice Bridget,417efafa-ffb8-407a-9940-63930caf36fd,2021-09-20,2.01,0.07994642921696647,0,0,0,0,1,0,0,0,0,0,0,0,1,0,0,0,0,1,0,0,0,0,1,1,0,0,0,1,0,0,0,0
Bridget Namwalwa,c18d5691-4ec1-4b34-93be-8b8980f663c8,2021-06-17,2.27,0.06243378551604902,0,0,0,1,0,0,0,0,0,1,0,0,0,0,0,0,0,1,0,0,0,1,0,1,0,0,0,1,0,0,0,0
Namwalwa Nansukusa,083c96fc-f95d-46f9-afd5-6bdfc3479417,2017-08-24,6.09,0.0647468440196071,0,1,0,0,0,0,0,0,0,0,0,0,0,0,0,0,1,0,1,0,0,1,0,0,1,0,0,1,0,0,0,0
Namwalwa Namwalwa,31c3e95d-33c0-4a6c-acb4-635b10457166,2017-09-07,6.05,0.06552942179762006,0,0,0,1,0,0,0,0,0,0,0,0,1,0,0,0,0,1,0,0,0,1,0,0,1,0,0,1,0,0,0,0
Sarah William,eec557d6-8364-4064-9655-1a12b5a2d39b,2020-06-03,3.31,0.056615675704411526,0,0,0,0,0,1,0,0,0,0,0,0,0,0,0,1,0,0,1,0,0,1,0,1,0,0,0,1,0,0,0,0
Sarah James,2a1bee0e-c719-4be5-9b61-6824e3cad9de,2016-01-31,7.65,0.07137197789609877,0,0,0,1,0,0,0,0,0,0,1,0,0,0,0,0,0,1,0,0,0,0,1,0,1,0,0,1,0,0,0,0
Jane Sarah,d81edad2-baf6-441e-9551-a965db5aac75,2017-06-13,6.28,0.09356608598750962,0,0,1,0,0,0,0,0,0,0,0,0,0,1,0,0,0,1,0,0,0,1,0,0,1,0,0,1,0,0,0,0
Alice Alice,d51beb84-0b83-43fe-bfae-5c16f7b02e8b,2021-12-19,1.76,0.06659897430447032,0,0,0,0,0,1,0,0,0,0,0,0,0,1,0,0,0,0,1,0,0,0,1,1,0,0,0,1,0,0,0,0
Bridget Nansukusa,504976c1-a533-4688-b811-301c7af21cfe,2018-05-01,5.4,0.07878711741078273,1,0,0,0,0,0,0,0,0,0,0,0,0,0,0,1,0,1,0,0,0,1,0,0,1,0,0,1,0,0,0,0
Florence Nansukusa,b82f8ece-d119-42ac-affc-5ad60b882bc0,2011-11-14,11.87,0.05953250176121932,0,0,0,0,0,1,0,0,0,0,0,0,0,0,0,1,0,1,0,0,0,1,0,0,0,1,0,1,0,0,0,0
Alice Nansukusa,a14df5b8-e424-49db-a888-07a73eab439c,2012-08-15,11.12,0.05612488430943151,0,0,0,0,0,0,1,0,0,0,0,1,0,0,0,0,0,1,0,0,0,0,1,0,0,1,0,1,0,0,0,0
Namwalwa Namwalwa,19ad36b6-3be0-4e15-ac76-1fca96494054,2006-11-19,16.86,0.06530693065363306,0,0,0,1,0,0,0,0,0,0,1,0,0,0,0,0,0,1,0,0,0,1,0,0,0,0,1,1,0,0,0,0
Bridget James,eec73ef0-6581-417c-abba-e3705783c26f,2020-09-12,3.03,0.05466617832498415,1,0,0,0,0,0,0,0,0,0,1,0,0,0,0,0,0,0,1,1,0,0,0,1,0,0,0,1,0,0,0,0
Namwalwa James,a2feb12d-8f48-4fa8-b470-31c45200e484,2009-06-29,14.25,0.07090558630619716,0,1,0,0,0,0,0,0,0,0,0,0,1,0,0,0,0,1,0,0,0,0,1,0,0,1,0,1,0,0,0,0
Nakinobe Alice,2c3824aa-4872-4bd4-879d-0420c3e343f4,2020-01-27,3.66,0.07426909006858227,0,0,0,0,0,1,0,0,0,0,0,0,0,1,0,0,0,0,1,0,1,0,0,1,0,0,0,1,0,0,0,0
Jane Bridget,a6d8a142-4232-43da-bb2a-b14dc248c7fc,2010-10-27,12.92,0.08057396357371242,0,0,0,0,1,0,0,0,1,0,0,0,0,0,0,0,0,0,1,0,0,0,1,0,0,1,0,1,0,0,0,0
Nakinobe James,3f7d34e0-9a76-4ced-bf3a-0d1de7f23483,2012-07-02,11.24,0.0883029507088628,0,1,0,0,0,0,0,0,0,0,0,0,0,0,0,1,0,1,0,1,0,0,0,0,0,1,0,1,0,0,0,0
Sarah Namwalwa,c7af1958-6263-4786-97e6-14b0fdd2ae49,2021-01-24,2.67,0.0853722802808894,0,0,0,0,0,1,0,1,0,0,0,0,0,0,0,0,0,1,0,0,0,0,1,1,0,0,0,1,0,0,0,0
Florence Namwalwa,c5c801d9-bd20-4b9d-847b-709538357705,2005-01-14,18.7,0.06528934746985801,0,0,1,0,0,0,0,0,1,0,0,0,0,0,0,0,0,0,1,0,1,0,0,0,0,0,1,1,0,0,0,0
Sarah Nakinobe,18a5634a-fd19-437c-a473-28122d397038,2019-10-16,3.94,0.09489237533514974,0,1,0,0,0,0,0,0,0,0,0,0,0,0,1,0,0,1,0,0,0,1,0,1,0,0,0,1,0,0,0,0
Sarah William,d48e23b9-7450-4363-a013-107871628c1a,2022-03-01,1.57,0.07065320791353782,0,1,0,0,0,0,0,0,0,0,0,0,0,1,0,0,0,0,1,0,0,1,0,1,0,0,0,1,0,0,0,0
Nansukusa Nansukusa,b106f2e6-475e-4ab4-9703-7fba6a286780,2023-05-17,0.36,0.043087976727847935,0,0,0,0,0,0,1,0,1,0,0,0,0,0,0,0,0,1,0,0,0,1,0,1,0,0,0,1,0,0,0,0
Nansukusa Florence,8a037fdf-457c-4103-921a-eae2ba9ba515,2005-07-29,18.17,0.08844659797516734,1,0,0,0,0,0,0,0,0,0,0,0,0,1,0,0,0,0,1,1,0,0,0,0,0,0,1,1,0,0,0,0
Nakinobe Namwalwa,88f0b28c-bd07-4452-afa2-2180446a8cfe,2012-02-18,11.61,0.06535390675456439,0,0,0,0,0,1,0,0,0,0,0,0,0,1,0,0,0,1,0,1,0,0,0,0,0,1,0,1,0,0,0,0
Sarah Namwalwa,db8c52ea-bde9-4cc7-8350-2983459a4246,2014-06-09,9.3,0.0937961998513039,0,0,0,0,0,0,1,0,0,0,0,0,1,0,0,0,0,0,1,0,0,0,1,0,1,0,0,1,0,0,0,0
Nansukusa James,459f9b56-4b71-4955-8cc6-ee56d4694c72,2018-09-18,5.02,0.08734971910732912,0,0,1,0,0,0,0,0,0,0,0,0,0,0,1,0,0,1,0,0,0,1,0,0,1,0,0,1,0,0,0,0
Sarah Nakinobe,43d9c9a4-4c4a-41bf-8bf2-f940f9fc6d3b,2006-03-23,17.52,0.07599395010173167,0,0,0,0,1,0,0,0,0,1,0,0,0,0,0,0,0,0,1,1,0,0,0,0,0,0,1,1,0,0,0,0
William William,5f6b33e7-0ad6-47b1-8fd4-965445d26ce3,2013-03-19,10.52,0.0728621992548044,1,0,0,0,0,0,0,0,1,0,0,0,0,0,0,0,0,0,1,0,0,1,0,0,0,1,0,1,0,0,0,0
Alice James,e74c5708-b12b-4354-a95d-46c0fd84865d,2011-11-04,11.9,0.0738185417791602,0,1,0,0,0,0,0,0,0,1,0,0,0,0,0,0,0,1,0,0,1,0,0,0,0,1,0,1,0,0,0,0
Nakinobe Bridget,543a9efd-b37e-40bf-ad69-b8550a0dddf4,2014-04-23,9.43,0.07408128004408326,0,0,0,0,0,0,1,0,0,0,0,0,0,0,0,1,0,1,0,0,0,1,0,0,1,0,0,1,0,0,0,0
Namwalwa Nansukusa,6d2a7672-d063-450b-aff6-fe6ccb9df278,2008-10-22,14.93,0.08741158064907817,0,0,0,1,0,0,0,0,1,0,0,0,0,0,0,0,0,1,0,0,0,0,1,0,0,1,0,1,0,0,0,0
Nakinobe James,5db79f7e-1dcc-42e0-b8c0-2b993881d3e1,2019-04-06,4.47,0.07604736693506943,0,0,0,0,0,1,0,0,0,0,0,0,0,1,0,0,0,1,0,0,0,0,1,1,0,0,0,1,0,0,0,0
Nakinobe Nansukusa,8373c677-0397-409d-a23d-08986f28f085,2023-05-14,0.36,0.051835382293684486,0,1,0,0,0,0,0,0,0,0,1,0,0,0,0,0,0,1,0,0,0,1,0,1,0,0,0,1,0,0,0,0
Florence Nakinobe,5237f05e-48de-4096-a864-d539c1ca03b8,2021-09-02,2.06,0.06634832835509573,1,0,0,0,0,0,0,1,0,0,0,0,0,0,0,0,0,0,1,0,0,1,0,1,0,0,0,1,0,0,0,0
Jane Jane,fc3f1819-8a8c-42b8-a859-6f4ae5e3682e,2018-11-02,4.9,0.06528821349141434,0,0,0,0,0,1,0,0,0,1,0,0,0,0,0,0,0,0,1,0,0,1,0,1,0,0,0,1,0,0,0,0
Nansukusa Nansukusa,aff85d07-8e23-45a0-b4fb-137f0b529a16,2014-04-20,9.44,0.05899834746530009,1,0,0,0,0,0,0,0,0,0,0,0,1,0,0,0,0,0,1,1,0,0,0,0,1,0,0,1,0,0,0,0
William James,56e0ca11-f73e-49a5-8a61-ab8d6ea96414,2021-02-10,2.62,0.06947958741741164,0,0,1,0,0,0,0,0,0,0,0,0,1,0,0,0,0,1,0,0,1,0,0,1,0,0,0,1,0,0,0,0
Bridget Nansukusa,b79b1b84-8019-4ac9-a113-c32119b88eda,2021-12-01,1.81,0.08828448771031427,0,1,0,0,0,0,0,0,0,0,1,0,0,0,0,0,0,0,1,0,0,0,1,1,0,0,0,1,0,0,0,0
Nakinobe Namwalwa,e9db9d9a-e041-4cfc-b008-c32035cda4b7,2020-04-06,3.47,0.0756397531523951,0,0,1,0,0,0,0,0,0,0,0,0,0,1,0,0,0,0,1,0,1,0,0,1,0,0,0,1,0,0,0,0
Namwalwa Sarah,787a2069-0e2a-4582-9773-a8da4e2d545d,2006-02-23,17.59,0.07037954361071026,0,0,0,0,0,0,1,0,0,1,0,0,0,0,0,0,0,0,1,0,1,0,0,0,0,0,1,1,0,0,0,0
Bridget James,2f797c9b-466a-4635-a93d-15df442dbaf8,2023-08-12,0.12,0.0,0,1,0,0,0,0,0,0,1,0,0,0,0,0,0,0,0,0,1,0,1,0,0,1,0,0,0,1,0,0,0,0
Nakinobe Alice,32da4151-0469-4bc4-a8d3-e249776321a9,2004-03-15,19.54,0.07734035980884743,0,0,1,0,0,0,0,0,0,1,0,0,0,0,0,0,0,0,1,1,0,0,0,0,0,0,1,1,0,0,0,0
Sarah Namwalwa,5a1603a9-8051-48ae-a67d-428dc31f0e5b,2020-08-09,3.13,0.09659093203812312,0,1,0,0,0,0,0,0,0,1,0,0,0,0,0,0,0,1,0,1,0,0,0,1,0,0,0,1,0,0,0,0
Nakinobe Bridget,8d57cacf-3748-40a6-bdd6-47512de0e024,2018-12-26,4.75,0.08452666599870243,0,0,0,1,0,0,0,0,0,1,0,0,0,0,0,0,0,1,0,0,0,0,1,1,0,0,0,1,0,0,0,0
Alice Nakinobe,d73ef393-8e1b-48fd-b826-364d856c1681,2020-03-23,3.51,0.075873423455742,0,1,0,0,0,0,0,0,0,0,0,1,0,0,0,0,0,0,1,0,1,0,0,1,0,0,0,1,0,0,0,0
Nansukusa Sarah,7fcbfbc1-c157-4ff5-a13d-4031e0e54246,2008-01-12,15.71,0.07031346711727715,0,0,0,0,1,0,0,0,0,0,0,0,0,0,0,0,1,1,0,0,0,0,1,0,0,0,1,1,0,0,0,0
Jane William,d93d654e-1b4e-4ff4-800d-4a20141f56e0,2012-12-23,10.76,0.06873248057435437,0,0,0,0,1,0,0,0,0,0,1,0,0,0,0,0,0,1,0,1,0,0,0,0,0,1,0,1,0,0,0,0
Alice Namwalwa,9e997b8a-3cdb-4b39-81f7-77c09fde6205,2007-09-20,16.02,0.0728394130931346,0,0,0,0,1,0,0,0,0,0,0,0,0,0,1,0,0,1,0,0,0,0,1,0,0,0,1,1,0,0,0,0
Nakinobe Nansukusa,1cd3e1cf-29e3-4886-a636-4fc1a6878d01,2005-10-26,17.92,0.06539031108155031,0,1,0,0,0,0,0,0,0,0,0,0,0,0,0,0,1,0,1,0,0,0,1,0,0,0,1,1,0,0,0,0
Nansukusa Nansukusa,8fc7a9cd-0623-43e6-bda4-bba95effcff8,2016-03-09,7.55,0.08015526686404985,1,0,0,0,0,0,0,1,0,0,0,0,0,0,0,0,0,1,0,1,0,0,0,0,1,0,0,1,0,0,0,0
Bridget Sarah,f9501246-cd86-4363-802b-e9a078d66dbd,2017-02-21,6.59,0.06576224194732076,0,0,0,0,1,0,0,0,0,1,0,0,0,0,0,0,0,1,0,1,0,0,0,0,1,0,0,1,0,0,0,0
Sarah Bridget,d20b3333-3c51-46f8-a486-187d171f7a9b,2015-04-17,8.44,0.05816972734823158,0,0,1,0,0,0,0,0,1,0,0,0,0,0,0,0,0,0,1,0,0,1,0,0,1,0,0,1,0,0,0,0
Florence Nakinobe,c39e7f31-4429-454a-8529-1c6c2eb3e725,2009-04-21,14.44,0.06253891515991941,0,0,0,0,0,0,1,0,1,0,0,0,0,0,0,0,0,1,0,0,0,0,1,0,0,1,0,1,0,0,0,0
Sarah Bridget,3440e454-3492-4732-8817-eba7a7673c04,2012-12-13,10.79,0.07633615313686876,0,1,0,0,0,0,0,0,0,0,0,0,0,0,0,1,0,1,0,0,0,1,0,0,0,1,0,1,0,0,0,0
Bridget William,47b10115-5ba6-4a44-b727-364b9d14f8fa,2005-03-02,18.58,0.08145511516008667,0,0,0,0,0,1,0,0,0,0,0,0,0,0,1,0,0,0,1,1,0,0,0,0,0,0,1,1,0,0,0,0
Namwalwa William,810a4125-3adf-4d9f-b246-0b8df2e088d4,2004-08-17,19.12,0.07580412106493062,0,0,0,0,0,0,1,0,0,0,0,0,0,1,0,0,0,1,0,0,0,0,1,0,0,0,1,1,0,0,0,0
Nansukusa Alice,f87f29bf-c387-4e48-a20a-9965d2200293,2008-03-20,15.52,0.0642895385663142,0,0,0,1,0,0,0,0,0,1,0,0,0,0,0,0,0,0,1,0,0,0,1,0,0,0,1,1,0,0,0,0
Nansukusa Jane,4fa6e700-2102-4e7c-bef6-23715df4de75,2008-05-20,15.36,0.09416780328537824,0,0,1,0,0,0,0,0,0,0,0,0,0,0,0,1,0,1,0,1,0,0,0,0,0,0,1,1,0,0,0,0
Nansukusa Bridget,48e0460e-994a-4b49-98e3-c60c0028c011,2015-10-18,7.94,0.07343024656539211,1,0,0,0,0,0,0,0,1,0,0,0,0,0,0,0,0,0,1,0,0,1,0,0,1,0,0,1,0,0,0,0
William Nakinobe,9caa7729-8a09-49ba-9fff-e43b91e77066,2008-09-18,15.02,0.06973374328921254,1,0,0,0,0,0,0,0,0,0,0,0,0,0,0,1,0,0,1,0,0,1,0,0,0,0,1,1,0,0,0,0
Nansukusa Nansukusa,8ba1eea5-401a-4cef-877e-1dd4d907c7cd,2003-10-22,19.94,0.0744521465302472,0,0,0,0,0,1,0,0,0,0,0,0,0,0,1,0,0,0,1,0,1,0,0,0,0,0,1,1,0,0,0,0
James Nansukusa,b7274f99-e4f5-4fb7-b085-72ccd3f03e15,2005-07-15,18.21,0.07722801447209994,0,0,1,0,0,0,0,0,0,0,0,0,0,0,1,0,0,1,0,0,0,1,0,0,0,0,1,1,0,0,0,0
James Sarah,c38c6d93-2fbe-44ef-b6cb-69e6b9aaa57b,2019-12-08,3.8,0.06635069796333669,0,0,1,0,0,0,0,1,0,0,0,0,0,0,0,0,0,0,1,0,0,0,1,1,0,0,0,1,0,0,0,0
Namwalwa William,09777ce8-d029-4940-adae-610ecb7349a1,2009-02-20,14.6,0.06158099301537358,0,0,0,0,1,0,0,0,0,1,0,0,0,0,0,0,0,1,0,0,0,0,1,0,0,1,0,1,0,0,0,0
Jane Alice,bd52ac0f-5bb6-4c09-a6a5-c80130cffdd4,2013-07-21,10.18,0.06957260602325989,1,0,0,0,0,0,0,0,0,0,0,0,0,0,1,0,0,1,0,1,0,0,0,0,0,1,0,1,0,0,0,0
James William,857d9fb6-8cc4-4ae5-a0a6-dd408d2f849a,2005-04-30,18.41,0.06824495751731881,0,0,0,0,0,1,0,0,0,0,0,0,0,0,1,0,0,0,1,0,0,1,0,0,0,0,1,1,0,0,0,0
Sarah Florence,a077dfbb-658d-49fe-b170-5d298c9aa6f7,2009-05-30,14.33,0.062025572789170286,0,0,0,0,0,1,0,0,0,1,0,0,0,0,0,0,0,1,0,1,0,0,0,0,0,1,0,1,0,0,0,0
Sarah Nansukusa,1dbd7456-609e-48d8-b2ef-fbf16bf304fc,2005-12-10,17.8,0.07006777956127651,0,0,0,0,1,0,0,0,0,1,0,0,0,0,0,0,0,1,0,0,1,0,0,0,0,0,1,1,0,0,0,0
Alice Bridget,7682502c-ca29-4923-a3fe-928789bba357,2010-04-27,13.42,0.07237205652315608,0,0,1,0,0,0,0,0,0,0,0,1,0,0,0,0,0,1,0,0,0,1,0,0,0,1,0,1,0,0,0,0
Jane Sarah,4797e722-267c-47e0-8df1-e3fb0015b9d6,2016-09-05,7.05,0.05194709136464385,0,0,0,0,0,1,0,0,0,0,0,0,0,0,0,0,1,0,1,1,0,0,0,0,1,0,0,1,0,0,0,0
Sarah Jane,3a895d0b-406d-46f7-b6fe-13256cb72e2c,2010-09-26,13.0,0.06975349129735615,0,0,0,0,1,0,0,0,0,0,0,0,0,1,0,0,0,0,1,0,0,0,1,0,0,1,0,1,0,0,0,0
James William,f2fc6fba-160f-49b3-b670-be579271d609,2021-03-03,2.56,0.09248507566313449,0,0,0,0,1,0,0,0,0,0,0,0,0,0,0,1,0,1,0,0,0,0,1,1,0,0,0,1,0,0,0,0
Alice Sarah,91cc46c7-1341-433c-9568-79403386bb5c,2016-09-05,7.05,0.083550856022043,0,1,0,0,0,0,0,1,0,0,0,0,0,0,0,0,0,1,0,0,0,1,0,0,1,0,0,1,0,0,0,0
Jane Nakinobe,1249d5bb-fe6c-4e37-8c7a-8b0b33cf7c6c,2011-03-26,12.51,0.08520147638631546,0,0,0,0,1,0,0,0,1,0,0,0,0,0,0,0,0,0,1,0,0,1,0,0,0,1,0,1,0,0,0,0
Namwalwa William,12c370ec-17b7-4e82-9afe-0c5fe02294fd,2007-03-04,16.57,0.07095497952701142,0,0,0,0,1,0,0,0,1,0,0,0,0,0,0,0,0,1,0,0,1,0,0,0,0,0,1,1,0,0,0,0
Namwalwa Nakinobe,d6116752-be86-420a-b3c8-1bc04822c5c0,2013-07-07,10.22,0.06244786164186446,0,0,0,1,0,0,0,0,1,0,0,0,0,0,0,0,0,1,0,0,0,1,0,0,0,1,0,1,0,0,0,0
Nakinobe James,b067f9f8-e5a3-4214-bedd-2cc6e93dbfe0,2005-01-06,18.73,0.06295373309755598,0,0,0,1,0,0,0,0,0,0,0,0,1,0,0,0,0,1,0,1,0,0,0,0,0,0,1,1,0,0,0,0
Sarah Jane,6e86be19-bf2f-40af-a96a-61bf70a86a91,2018-01-03,5.73,0.07939967010489589,1,0,0,0,0,0,0,1,0,0,0,0,0,0,0,0,0,0,1,0,0,0,1,0,1,0,0,1,0,0,0,0
Alice Florence,ebee5e89-a2a5-4e19-b089-28aaf685d1e0,2017-10-17,5.94,0.07311201755619598,0,0,0,1,0,0,0,1,0,0,0,0,0,0,0,0,0,1,0,0,0,1,0,0,1,0,0,1,0,0,0,0
William Florence,d7a3e6b9-9383-40b6-bdd3-9e4f502d7682,2015-08-02,8.15,0.05894941196974724,0,0,0,0,1,0,0,0,0,0,0,0,0,0,0,1,0,0,1,0,1,0,0,0,1,0,0,1,0,0,0,0
Sarah Alice,853882b2-7283-4fdf-9cb9-8cd3c79d9473,2022-04-21,1.43,0.06573306298817258,0,0,0,0,0,1,0,0,0,0,0,0,0,0,1,0,0,0,1,0,1,0,0,1,0,0,0,1,0,0,0,0
Florence Florence,0bc7d86c-3e79-4379-aaba-f51e2f8a2a15,2013-05-09,10.38,0.07460728730479842,0,0,0,0,0,0,1,0,0,0,0,0,1,0,0,0,0,1,0,0,1,0,0,0,0,1,0,1,0,0,0,0
Namwalwa William,3785afc0-5083-4d96-9354-dfaf50801e8c,2003-10-27,19.92,0.07224323897455338,1,0,0,0,0,0,0,0,0,0,0,0,1,0,0,0,0,0,1,0,0,1,0,0,0,0,1,1,0,0,0,0
Nakinobe Bridget,16f12953-bc9d-44c7-ba75-b7619517960e,2015-03-08,8.55,0.09009426879559027,0,0,0,1,0,0,0,0,0,0,0,0,1,0,0,0,0,1,0,0,0,0,1,0,1,0,0,1,0,0,0,0
Alice James,15c88b21-58f4-46fd-8dff-40187e57febc,2014-03-02,9.57,0.06466512141791203,0,0,0,0,0,1,0,0,0,0,0,1,0,0,0,0,0,0,1,0,0,0,1,0,1,0,0,1,0,0,0,0
Alice Nansukusa,497e25f7-3f57-4f46-ac5e-eb94a60d4151,2011-04-19,12.44,0.05629022308424476,0,0,0,1,0,0,0,0,0,0,0,0,1,0,0,0,0,0,1,0,0,1,0,0,0,1,0,1,0,0,0,0
James Sarah,8875629b-3ba2-412b-929a-08119c85071f,2011-07-26,12.17,0.07422603528089104,0,0,0,0,0,0,1,0,0,0,1,0,0,0,0,0,0,1,0,0,0,0,1,0,0,1,0,1,0,0,0,0
Nakinobe William,c62e86f7-d942-4ab2-905d-392ab17b4273,2016-11-01,6.9,0.07899386870494048,0,0,1,0,0,0,0,0,0,1,0,0,0,0,0,0,0,0,1,0,0,1,0,0,1,0,0,1,0,0,0,0
Nakinobe Bridget,4dce438b-32b0-4339-95f8-00eb7fa9bb87,2004-05-21,19.36,0.07630352947742783,0,0,0,0,1,0,0,0,0,0,0,0,0,1,0,0,0,1,0,1,0,0,0,0,0,0,1,1,0,0,0,0
Namwalwa Nakinobe,7cce9365-c360-4779-b77a-238c2c742ed3,2008-11-20,14.85,0.054725388559547894,0,0,0,0,0,1,0,0,0,0,0,0,0,1,0,0,0,0,1,0,0,1,0,0,0,1,0,1,0,0,0,0
Namwalwa Florence,a4bdc374-f941-4d59-803b-6dffda4e2101,2009-09-02,14.07,0.057677536353618046,0,1,0,0,0,0,0,0,0,0,0,0,0,0,1,0,0,1,0,0,0,0,1,0,0,1,0,1,0,0,0,0
Alice James,7f59a4dd-54fe-4690-b2c9-c1221adfc13d,2005-12-01,17.82,0.06810313491143052,0,0,0,1,0,0,0,0,0,0,0,0,1,0,0,0,0,1,0,1,0,0,0,0,0,0,1,1,0,0,0,0
Namwalwa Florence,b1fd527c-271e-43a9-9065-0b65bad256f5,2014-11-22,8.84,0.04860134870071745,0,0,0,0,1,0,0,0,0,0,0,0,0,0,0,0,1,0,1,0,1,0,0,0,1,0,0,1,0,0,0,0
Bridget Florence,651c0434-12ad-4887-9ae3-f517b7f5a563,2016-08-30,7.07,0.08667042652546124,0,0,1,0,0,0,0,0,0,0,0,0,0,0,1,0,0,0,1,1,0,0,0,0,1,0,0,1,0,0,0,0
Bridget Alice,82dd0f31-3464-43f5-8cbe-5c4ee41e787a,2013-01-05,10.72,0.07567280722020633,0,0,0,0,0,1,0,0,0,0,0,0,0,0,0,1,0,1,0,0,0,1,0,0,0,1,0,1,0,0,0,0
Namwalwa Jane,2bded6da-3a5b-404b-b50f-47a28c5b1e8c,2020-06-16,3.27,0.06926415202992223,0,0,0,0,0,1,0,0,0,0,0,1,0,0,0,0,0,1,0,0,1,0,0,1,0,0,0,1,0,0,0,0
James Sarah,8e4585d4-6bf4-44e0-af66-aa1dcefcdaf4,2006-02-12,17.62,0.07863037621559782,0,1,0,0,0,0,0,0,0,0,0,0,0,0,0,1,0,0,1,0,0,0,1,0,0,0,1,1,0,0,0,0
Sarah Florence,fe22622d-ef97-4dc6-9b9e-e27ce3b94e50,2023-06-16,0.27,0.03546933444582006,0,0,0,0,1,0,0,0,0,0,0,0,0,0,0,0,1,1,0,0,0,1,0,1,0,0,0,1,0,0,0,0
Florence Jane,0e65e6d0-82cd-4b07-9d20-c3685afcfe17,2012-12-23,10.76,0.06715762630881911,0,0,0,0,0,1,0,1,0,0,0,0,0,0,0,0,0,1,0,1,0,0,0,0,0,1,0,1,0,0,0,0
Bridget Bridget,641ffd6c-8e14-4522-a857-ed64be2137ff,2004-08-14,19.12,0.08279288819766184,0,0,0,0,1,0,0,0,0,0,1,0,0,0,0,0,0,0,1,0,0,0,1,0,0,0,1,1,0,0,0,0
Bridget Nakinobe,784ee351-05d5-4a2e-9d2f-cb8d7decb73f,2015-10-25,7.92,0.07146137944775702,0,0,0,1,0,0,0,0,0,0,0,1,0,0,0,0,0,1,0,0,0,1,0,0,1,0,0,1,0,0,0,0
Bridget Sarah,a63d597a-0add-4305-bd20-eada81243c85,2016-05-22,7.35,0.07661242285252806,0,0,1,0,0,0,0,0,0,0,0,0,0,0,0,0,1,1,0,0,0,0,1,0,1,0,0,1,0,0,0,0
Bridget Sarah,b236575d-f6e5-4a2b-8a69-33e1aeae1408,2011-12-07,11.81,0.05994218695253198,0,0,1,0,0,0,0,0,0,0,0,0,0,1,0,0,0,1,0,0,0,1,0,0,0,1,0,1,0,0,0,0
Nakinobe Sarah,9d4e5d19-c19c-4c12-8ed4-cfa6f2f92c87,2020-07-20,3.18,0.06621844620546305,0,0,0,0,1,0,0,0,0,0,0,1,0,0,0,0,0,1,0,0,1,0,0,1,0,0,0,1,0,0,0,0
Jane Sarah,1e17010b-c289-4084-8f96-af72e47b1201,2007-01-10,16.72,0.08617901345050367,0,0,0,1,0,0,0,0,0,0,0,1,0,0,0,0,0,1,0,0,0,1,0,0,0,0,1,1,0,0,0,0
James William,6131a7cb-b806-47f9-8cc5-f4a52a28b71a,2005-02-08,18.64,0.09586112925187774,0,0,0,1,0,0,0,0,1,0,0,0,0,0,0,0,0,1,0,1,0,0,0,0,0,0,1,1,0,0,0,0
Sarah Sarah,a4e8e7ac-015d-475a-b444-80f4f700c50a,2015-07-04,8.23,0.08204941188865131,0,0,0,0,0,0,1,0,1,0,0,0,0,0,0,0,0,0,1,1,0,0,0,0,1,0,0,1,0,0,0,0
Nakinobe Bridget,138b722f-5c6c-4714-bf14-5ab1fd0a3194,2019-01-31,4.65,0.05122928521561828,0,0,0,1,0,0,0,0,0,0,0,0,0,1,0,0,0,0,1,0,0,0,1,1,0,0,0,1,0,0,0,0
James Florence,b48f3db8-9f94-4ef2-b576-e70957e39bb0,2004-07-01,19.24,0.08905664373604603,0,0,0,0,0,1,0,0,0,0,0,0,1,0,0,0,0,0,1,1,0,0,0,0,0,0,1,1,0,0,0,0
Nakinobe William,9c49d042-d891-4be6-b8e7-80da774685b2,2007-03-07,16.56,0.07273347069927243,0,0,1,0,0,0,0,0,0,0,0,0,0,0,0,1,0,0,1,0,1,0,0,0,0,0,1,1,0,0,0,0
Nansukusa Bridget,77dd27c5-5b32-4a5f-a10c-92e32af92684,2021-04-28,2.41,0.07659894429604078,0,1,0,0,0,0,0,0,0,0,0,0,1,0,0,0,0,1,0,0,1,0,0,1,0,0,0,1,0,0,0,0
Nakinobe Bridget,17213577-0399-4132-9ff2-adb1f1c70ec8,2020-03-17,3.52,0.06949142263000446,0,1,0,0,0,0,0,0,0,0,0,0,0,0,1,0,0,0,1,0,1,0,0,1,0,0,0,1,0,0,0,0
James William,1c5b2ef6-2d1a-4923-859f-05e4f6e0d594,2017-06-29,6.24,0.0773794594154659,0,1,0,0,0,0,0,1,0,0,0,0,0,0,0,0,0,1,0,0,1,0,0,0,1,0,0,1,0,0,0,0
Namwalwa William,ac45fb5c-f6d6-4b6b-8482-af3c31fffc13,2019-07-03,4.23,0.0599585843941145,0,0,0,0,1,0,0,0,0,0,0,0,1,0,0,0,0,0,1,0,1,0,0,1,0,0,0,1,0,0,0,0
Bridget Sarah,e4eab4dd-71ed-4315-94b8-8c0e6c58cf7d,2009-12-24,13.76,0.06976699597589349,0,1,0,0,0,0,0,1,0,0,0,0,0,0,0,0,0,0,1,1,0,0,0,0,0,1,0,1,0,0,0,0
Namwalwa Bridget,f58ce5e5-0adc-4024-bb00-52e2bf34df01,2019-02-08,4.63,0.0800164418245052,0,1,0,0,0,0,0,0,0,0,0,0,0,0,0,1,0,1,0,0,0,0,1,1,0,0,0,1,0,0,0,0
Nansukusa Jane,ca78b2d6-3d9e-48cf-8f6c-f5439f2859ff,2018-05-21,5.35,0.07542205897928587,1,0,0,0,0,0,0,0,0,1,0,0,0,0,0,0,0,1,0,0,0,1,0,0,1,0,0,1,0,0,0,0
James James,88c1d4dd-ba8c-4a7b-a263-af0bed0c2b84,2019-07-16,4.19,0.06447205490703396,0,0,0,0,1,0,0,0,0,0,1,0,0,0,0,0,0,1,0,0,0,1,0,1,0,0,0,1,0,0,0,0
Jane Nakinobe,7215c6fd-4095-41fc-83aa-42703f41a0d1,2019-11-12,3.87,0.08533863255308631,0,0,0,0,0,1,0,1,0,0,0,0,0,0,0,0,0,0,1,0,0,1,0,1,0,0,0,1,0,0,0,0
Bridget Alice,efbef238-05f3-4d50-bc72-2d6aa95ff7e7,2008-05-01,15.41,0.0521543621996736,0,0,0,0,0,0,1,0,1,0,0,0,0,0,0,0,0,0,1,1,0,0,0,0,0,0,1,1,0,0,0,0
Sarah Alice,66593075-718e-4adf-854f-5f30d33a68b8,2010-05-05,13.4,0.07293092208664101,0,0,1,0,0,0,0,0,0,1,0,0,0,0,0,0,0,1,0,0,1,0,0,0,0,1,0,1,0,0,0,0
Namwalwa Florence,94aa1bc0-578a-4642-b070-2c56c4d3c581,2021-02-22,2.59,0.07171858321163974,0,0,0,1,0,0,0,0,0,0,0,0,0,1,0,0,0,1,0,0,1,0,0,1,0,0,0,1,0,0,0,0
Jane Sarah,b892dc1f-9113-4036-857a-6973e7d0bf64,2005-03-18,18.53,0.09259719626607524,0,0,0,0,0,0,1,0,0,0,0,0,0,0,1,0,0,0,1,1,0,0,0,0,0,0,1,1,0,0,0,0
Alice Nakinobe,05fb897a-52d3-4393-a2b6-5d6440c4c687,2003-11-21,19.85,0.07453292265163147,0,0,1,0,0,0,0,0,0,0,1,0,0,0,0,0,0,1,0,0,0,0,1,0,0,0,1,1,0,0,0,0
Bridget Nakinobe,988e9275-aedc-4ec1-a036-f5b08824f3a2,2006-06-11,17.3,0.08039465353426288,0,1,0,0,0,0,0,0,0,0,0,0,0,0,0,1,0,1,0,0,0,1,0,0,0,0,1,1,0,0,0,0
Nansukusa William,3dc0c2d0-7874-4024-9b60-7b906548dced,2005-10-27,17.92,0.071477697897372,0,1,0,0,0,0,0,0,0,0,0,0,0,0,0,0,1,0,1,0,0,1,0,0,0,0,1,1,0,0,0,0
Bridget Namwalwa,3f261178-4e5d-4fc6-8392-59cccaad9b46,2008-04-05,15.48,0.05318570611702891,0,1,0,0,0,0,0,0,0,0,1,0,0,0,0,0,0,1,0,1,0,0,0,0,0,0,1,1,0,0,0,0
Nansukusa James,bd4b4c71-df08-480a-bfc6-a4df03bd9ddb,2020-07-11,3.21,0.09212647571602633,1,0,0,0,0,0,0,0,0,0,0,0,0,0,0,1,0,1,0,1,0,0,0,1,0,0,0,1,0,0,0,0
Alice Nakinobe,5692b8e8-f460-45ab-bce0-48bc0b450c9e,2014-05-13,9.37,0.058032819381703675,0,1,0,0,0,0,0,0,1,0,0,0,0,0,0,0,0,1,0,0,0,1,0,0,1,0,0,1,0,0,0,0
James Sarah,79e74c4a-9344-48c1-ae5b-c0812406352b,2011-01-13,12.7,0.06695773148801216,0,0,0,0,1,0,0,0,0,0,0,1,0,0,0,0,0,0,1,0,1,0,0,0,0,1,0,1,0,0,0,0
Nansukusa Jane,92ce5244-349e-4f87-b57d-ca545d4557ff,2019-05-16,4.36,0.08306492643889711,0,0,0,0,1,0,0,0,0,0,0,0,0,0,0,1,0,1,0,0,0,1,0,1,0,0,0,1,0,0,0,0
Nakinobe Nakinobe,04d250d7-71b3-4678-abbc-fe18ae7ccc62,2013-05-04,10.4,0.06507360614145899,0,0,0,1,0,0,0,0,0,0,0,0,0,0,1,0,0,1,0,0,0,0,1,0,0,1,0,1,0,0,0,0
Nansukusa Namwalwa,3fb835cb-0ecb-4200-abb3-45ebea334ab5,2023-03-13,0.53,0.04081524856697924,0,0,0,0,1,0,0,0,0,1,0,0,0,0,0,0,0,1,0,1,0,0,0,1,0,0,0,1,0,0,0,0
Alice Nansukusa,a99bf4c6-f38e-4c2a-8140-ed24a48d2188,2011-06-15,12.28,0.09276745571201081,0,0,1,0,0,0,0,0,0,0,0,1,0,0,0,0,0,1,0,0,0,0,1,0,0,1,0,1,0,0,0,0
Nakinobe Nansukusa,a1c8ee07-a888-4414-b8ca-7ba130fd7273,2016-05-20,7.35,0.07448509747122742,0,0,0,0,0,0,1,0,0,0,0,0,0,0,0,0,1,0,1,0,0,1,0,0,1,0,0,1,0,0,0,0
Namwalwa Sarah,66e386a9-b39c-4c91-b82f-a62f45c2d23c,2018-01-18,5.68,0.0800666870482622,0,0,0,0,0,1,0,0,0,0,0,0,0,0,0,0,1,1,0,1,0,0,0,0,1,0,0,1,0,0,0,0
Sarah Florence,c90efd04-4644-49a7-a7f2-34d8e384d925,2005-10-24,17.93,0.06172667335093019,0,0,1,0,0,0,0,0,0,0,0,0,0,0,1,0,0,0,1,0,0,0,1,0,0,0,1,1,0,0,0,0
Alice William,0540fcde-6fa0-4fcd-8eb1-1eb1e332ab22,2013-11-25,9.84,0.06821920363926108,0,1,0,0,0,0,0,0,0,1,0,0,0,0,0,0,0,0,1,0,0,1,0,0,1,0,0,1,0,0,0,0
Nakinobe Sarah,91a841c4-88e4-40b4-9069-19d66ac552ec,2019-09-10,4.04,0.07486189352490784,0,0,1,0,0,0,0,0,1,0,0,0,0,0,0,0,0,0,1,0,0,1,0,1,0,0,0,1,0,0,0,0
James James,c4a0aad3-bc1a-44e3-b252-da3f74f6cd6d,2017-01-25,6.67,0.09452869314122722,0,0,0,1,0,0,0,0,0,0,1,0,0,0,0,0,0,1,0,1,0,0,0,0,1,0,0,1,0,0,0,0
Nakinobe Nansukusa,31624991-5fe9-48f4-aca4-cf24ab8e5d4b,2020-11-25,2.83,0.07413188435606688,1,0,0,0,0,0,0,0,1,0,0,0,0,0,0,0,0,1,0,0,0,1,0,1,0,0,0,1,0,0,0,0
Nakinobe James,b7d0a860-fd0e-4584-a68a-47d39a76950d,2012-02-27,11.58,0.07879075420533738,0,0,1,0,0,0,0,0,0,0,0,1,0,0,0,0,0,0,1,1,0,0,0,0,0,1,0,1,0,0,0,0
Jane Namwalwa,370a486c-41c7-4fcb-af1d-f168ba0f8dcd,2007-07-12,16.21,0.06874886021192997,0,0,0,1,0,0,0,0,0,0,0,0,1,0,0,0,0,0,1,0,0,0,1,0,0,0,1,1,0,0,0,0
Namwalwa Namwalwa,6411ea90-805e-444c-96ea-52a66a38baa0,2011-06-23,12.26,0.0713068172578387,0,1,0,0,0,0,0,0,0,1,0,0,0,0,0,0,0,0,1,1,0,0,0,0,0,1,0,1,0,0,0,0
Namwalwa Nansukusa,6a748baf-a9ff-4b3e-8ec4-150b4110dcd4,2016-12-25,6.75,0.07355358842535825,0,0,1,0,0,0,0,0,0,0,0,1,0,0,0,0,0,0,1,1,0,0,0,0,1,0,0,1,0,0,0,0
Jane Alice,1b6a9ea9-1aaa-4cb1-918a-b809a7813a5a,2014-10-19,8.94,0.066986883779659,1,0,0,0,0,0,0,0,0,0,0,0,0,0,0,1,0,0,1,1,0,0,0,0,1,0,0,1,0,0,0,0
William Nansukusa,b44113c6-58f7-4244-bb50-b92e14eb90fc,2016-04-02,7.48,0.06494782594053129,0,0,0,0,0,0,1,0,0,1,0,0,0,0,0,0,0,1,0,0,0,0,1,0,1,0,0,1,0,0,0,0
Florence Namwalwa,8bc20ed4-dddf-4d1c-b965-baa27795da35,2010-08-31,13.07,0.06326919576024125,0,1,0,0,0,0,0,0,0,1,0,0,0,0,0,0,0,0,1,0,0,0,1,0,0,1,0,1,0,0,0,0
Nansukusa Nakinobe,cc321cf1-4e57-4400-8123-eb85f146166d,2008-09-05,15.06,0.061459935696367055,0,0,0,0,0,0,1,1,0,0,0,0,0,0,0,0,0,1,0,0,0,1,0,0,0,0,1,1,0,0,0,0
Florence Namwalwa,ece3143c-98a2-4fc3-bc5c-6e88a04b0000,2021-10-31,1.9,0.08514885438917255,0,0,0,1,0,0,0,1,0,0,0,0,0,0,0,0,0,1,0,0,0,0,1,1,0,0,0,1,0,0,0,0
William Alice,5387a5be-045d-453e-b8a7-688523f7cbaf,2017-09-08,6.05,0.07344732735351228,0,0,0,0,0,1,0,1,0,0,0,0,0,0,0,0,0,0,1,1,0,0,0,0,1,0,0,1,0,0,0,0
Bridget James,0ab9ae31-b973-48dc-a750-ed02b61819c6,2020-05-27,3.33,0.07213835827745248,1,0,0,0,0,0,0,0,0,0,0,0,0,0,1,0,0,0,1,0,0,1,0,1,0,0,0,1,0,0,0,0
William William,68467784-97a5-4da2-8812-6f96f7169146,2015-08-16,8.11,0.06567623747719933,0,0,1,0,0,0,0,0,0,0,0,0,0,0,0,0,1,1,0,1,0,0,0,0,1,0,0,1,0,0,0,0
Bridget William,4d792586-3679-49ab-b092-34417c52bc13,2021-09-30,1.98,0.06275503008803135,0,0,1,0,0,0,0,0,0,1,0,0,0,0,0,0,0,1,0,0,0,0,1,1,0,0,0,1,0,0,0,0
Florence Florence,3e67b1fb-5ab6-4aa7-9163-2f4b7b16ea06,2014-11-30,8.82,0.07096939999158275,1,0,0,0,0,0,0,0,0,0,0,0,0,1,0,0,0,1,0,0,0,0,1,0,1,0,0,1,0,0,0,0
Nansukusa Nakinobe,801ce24f-6d1f-4ca6-9038-88812eb9f7d6,2005-08-31,18.08,0.07262238028002886,0,0,0,1,0,0,0,1,0,0,0,0,0,0,0,0,0,1,0,1,0,0,0,0,0,0,1,1,0,0,0,0
Bridget Bridget,b9d850ec-2c2e-41c3-b853-839707d5fa12,2021-06-05,2.3,0.09980326456413223,0,0,0,0,0,0,1,1,0,0,0,0,0,0,0,0,0,1,0,0,0,1,0,1,0,0,0,1,0,0,0,0
Jane James,397d9cb0-7daa-4629-b89e-5da888de5e9e,2010-09-02,13.07,0.073142394025518,1,0,0,0,0,0,0,0,0,0,0,0,0,1,0,0,0,1,0,0,1,0,0,0,0,1,0,1,0,0,0,0
Nakinobe William,7c5e3b00-58f7-429e-b430-7bc25b3b6d56,2018-12-08,4.8,0.060914361027926744,0,0,0,1,0,0,0,0,0,0,0,0,0,0,0,1,0,1,0,0,0,1,0,1,0,0,0,1,0,0,0,0
William Jane,370cfcda-30f9-4aee-9a68-366e8a8e8ce5,2003-10-31,19.91,0.07182427491830508,0,0,0,0,0,1,0,0,0,0,1,0,0,0,0,0,0,0,1,0,0,1,0,0,0,0,1,1,0,0,0,0
William Nakinobe,c99bbccf-c726-4fce-b676-b6341d36b166,2022-01-09,1.71,0.07668905571842227,0,0,1,0,0,0,0,0,0,1,0,0,0,0,0,0,0,0,1,0,0,1,0,1,0,0,0,1,0,0,0,0
Bridget Sarah,7a5bc15e-b5b0-45b4-8a97-a8735d102620,2013-03-09,10.55,0.08578174751057534,0,0,0,1,0,0,0,1,0,0,0,0,0,0,0,0,0,0,1,1,0,0,0,0,0,1,0,1,0,0,0,0
Nansukusa Florence,bb414e7a-ad8c-44c9-a100-c3e4d157dc50,2009-05-10,14.38,0.07684620306100325,1,0,0,0,0,0,0,1,0,0,0,0,0,0,0,0,0,1,0,1,0,0,0,0,0,1,0,1,0,0,0,0
Bridget James,6ec12ece-d7b8-4937-98d9-1d3c380cfaac,2009-04-23,14.43,0.06262655390034144,0,0,0,1,0,0,0,0,0,0,0,0,1,0,0,0,0,1,0,0,0,1,0,0,0,1,0,1,0,0,0,0
William Bridget,1a90f298-a861-4c92-8f48-e4b8b07da4b6,2021-08-12,2.12,0.0572297064712737,0,0,0,0,0,1,0,0,0,0,1,0,0,0,0,0,0,0,1,0,1,0,0,1,0,0,0,1,0,0,0,0
Bridget Nansukusa,fcce4bc1-3303-4b96-b4c2-09dd7bf97e37,2008-01-20,15.69,0.07840514969598358,0,0,0,0,1,0,0,1,0,0,0,0,0,0,0,0,0,0,1,0,0,0,1,0,0,0,1,1,0,0,0,0
James Sarah,b29b57c8-bdfd-4192-9697-bab11394df1c,2017-06-03,6.31,0.07354055164741298,0,0,0,0,0,0,1,0,0,0,0,0,0,1,0,0,0,1,0,0,0,0,1,0,1,0,0,1,0,0,0,0
Sarah Bridget,7de66bbd-d1e5-4900-a8a6-bbc0e633ecfe,2005-07-26,18.18,0.06442355532965897,0,0,0,0,0,1,0,1,0,0,0,0,0,0,0,0,0,1,0,0,0,0,1,0,0,0,1,1,0,0,0,0
James Bridget,17d65231-3a40-465a-8007-606f0b558a5d,2023-06-28,0.24,0.09790162626237515,0,1,0,0,0,0,0,0,0,0,0,0,0,1,0,0,0,0,1,0,1,0,0,1,0,0,0,1,0,0,0,0
James Nakinobe,d76ba83d-bfc7-416a-a49f-aed315f14eee,2009-01-13,14.7,0.05787812557078815,0,0,1,0,0,0,0,0,0,0,0,0,0,0,0,1,0,0,1,1,0,0,0,0,0,1,0,1,0,0,0,0
William Nansukusa,8cfb7cc1-7491-436c-a4e4-a2bb11ce8ab5,2013-03-05,10.56,0.07276527202368067,1,0,0,0,0,0,0,0,0,0,0,1,0,0,0,0,0,0,1,1,0,0,0,0,0,1,0,1,0,0,0,0
James Jane,64418611-18ae-4719-a089-74d98dbf8e13,2005-05-12,18.38,0.07580926360004114,0,0,0,0,0,1,0,0,0,0,0,0,0,1,0,0,0,0,1,1,0,0,0,0,0,0,1,1,0,0,0,0
