Customer Name,uid,business sector,location,phone number,national ID,passport,tin,gender,education level,business start date
James William,cca67301-ef3c-4496-b8fd-31847b7edd88,Agriculture,Fort Portal,+256723196874,78602628,U6482628,8900454,Female,University,2013-02-25
James Nansukusa,7a1c5730-b8e7-4774-8746-90a317b73a82,Services,Kampala,+256735895263,36028682,U1006980,7442154,Female,University,2009-02-22
Nansukusa Sarah,fb94fff4-9217-470f-9e80-12621dea6191,Fisheries,Lira,+256790291092,22644880,U3152513,2102298,Male,Vocational,2009-02-07
Bridget Namwalwa,ff0563dc-6006-4b4f-a88a-1e7b64adb040,Manufacturing,Kisoro,+256773437304,78654217,U3734663,9738952,Male,University,2016-04-15
William William,a185cde9-4893-42c0-bcad-fbcf101d2a77,Hospitality,Kampala,+256712698533,71758895,U4129268,4037967,Male,Primary,2013-03-15
Alice Sarah,41fa2589-59fa-4082-b6bb-86ec1e8c0c91,Agriculture,Kampala,+256769614162,93154661,U1837627,8301699,Male,University,2005-06-07
Nakinobe Sarah,434f554a-2aff-41d7-9189-031b334fb954,Retail,Bwindi,+256721593322,15399224,U2078046,3089422,Female,Secondary,2015-05-06
Florence Jane,284eafc3-9932-47ec-9627-e70f7a1e6bd0,Agriculture,Jinja,+256710529646,12830017,U5510103,6027876,Male,Vocational,2011-04-18
Sarah Sarah,62b6b9b8-5668-40e8-b816-851ac91c6e2c,Agriculture,Kampala,+256721073469,61142164,U5375344,1765664,Male,Secondary,2010-10-19
William Alice,f4989ac0-e243-4c66-966c-51c4286956bd,Retail,Kampala,+256727773063,13676227,U1917406,1971152,Male,University,2011-06-10
Alice Florence,9723b3d3-a250-4efa-bfa6-df225e65e1d6,Services,Bwindi,+256733551760,82505316,U9602130,6493729,Female,University,2016-05-25
Sarah William,8f07985b-11bc-4027-a2ab-9d6609ea6d81,Services,Kampala,+256760781737,71541949,U9545917,3480985,Male,Primary,2009-09-25
James Nakinobe,a1e503f0-d2d4-49f8-bf83-4245f04699cb,Retail,Fort Portal,+256735260909,92455411,U5723001,1264232,Male,University,2009-06-16
William Nansukusa,04a3b5bb-91a0-4189-bc84-6af5d664b7f4,Agriculture,Gulu,+256707677826,22836325,U6368513,7597225,Female,Secondary,2014-06-22
Nansukusa Nakinobe,aaab9d87-f3af-484e-9d8a-0a5ffee0e1b4,Fisheries,Bwindi,+256750346728,36187529,U3893098,5546807,Male,Primary,2020-03-09
Namwalwa Sarah,8ffbdbd6-bc27-49ce-a38c-46ce16981fd5,Manufacturing,Bwindi,+256753899553,64406267,U4447338,1117840,Male,Secondary,2012-02-16
Nakinobe Jane,ab11d2c8-a6ef-4ecd-91df-2b61278d9bdf,IT,Kampala,+256730344821,94870219,U5644644,1620159,Female,Vocational,2012-05-24
Sarah Sarah,bf5ab851-ce24-4a23-9447-a2a45c6d57d7,Hospitality,Gulu,+256731477311,88813594,U4323226,8775730,Male,University,2004-07-26
Jane Sarah,ffbcb234-de13-4014-9057-691112321f7c,IT,Fort Portal,+256753256943,84255098,U6851211,6354972,Female,University,2012-11-23
Bridget Alice,d00eddc3-4f17-423e-b27d-7eafdfe14411,Fisheries,Kisoro,+256761254517,63469255,U7407398,4413582,Male,University,2004-02-03
Sarah Sarah,53daa75c-28df-4d5c-89cc-0315aadbb60a,Manufacturing,Entebbe,+256789737810,99688969,U1007331,4894646,Male,Secondary,2020-12-08
Alice Florence,82364762-2308-44d8-8602-87291a86b9ec,Hospitality,Entebbe,+256760119703,89051565,U3496432,5979365,Female,Primary,2009-01-11
Nakinobe James,fb85e458-c0a6-48ef-b980-d3ec1cf0f5d1,Manufacturing,Jinja,+256768406106,22095324,U8270099,6236721,Female,Vocational,2013-09-28
Alice William,af520c74-f00f-489c-83fb-162a2182c982,Manufacturing,Mbale,+256727100198,64662823,U5294044,4097917,Male,University,2019-02-11
James Jane,ab01d403-c584-4564-878c-2d8d1578dbf6,Agriculture,Kampala,+256767213503,82081572,U8315561,9106892,Female,Primary,2017-05-06
Sarah Namwalwa,e89747e8-f128-4dc9-a0c8-b5b947961d15,Fisheries,Kampala,+256793762636,45440464,U5295386,2556629,Female,University,2023-09-16
Sarah Namwalwa,4edf5818-54b7-48a5-b9eb-90a79dd41e78,Fisheries,Mbarara,+256777102976,93430153,U5907225,1271375,Male,Secondary,2023-01-04
Sarah Nakinobe,d164c0ca-78ae-45c0-b4cc-1115f3ffde9a,Services,Jinja,+256784053112,97720543,U7896622,5226951,Male,Primary,2021-09-03
Sarah Nakinobe,1feb6fb3-0cf5-436b-93d1-3c0f0ac420ec,Services,Kampala,+256724423144,71932017,U6763908,3096268,Female,Primary,2017-03-15
James William,7bce313a-6c48-4b6d-908d-374165b6132b,IT,Bwindi,+256706303870,23372737,U6955859,4413271,Male,University,2022-08-23
Jane Nansukusa,926bc71f-08d3-4094-9dd1-737f1c562a5f,Services,Entebbe,+256778979898,86849140,U2652657,7006263,Female,Secondary,2012-08-29
James Namwalwa,8838a8b9-3a43-4c5e-8a9e-6f700192887c,IT,Entebbe,+256795221453,71210959,U7254743,8850699,Male,Primary,2018-04-16
Florence James,3e2c1f5b-1cae-4ac8-8075-57013c0c8c6e,Fisheries,Kampala,+256721417761,82128689,U1222446,9066179,Male,Secondary,2006-02-28
Alice Sarah,8608b7b3-30ad-47e4-a49b-bfb9bce4a076,Hospitality,Bwindi,+256761197284,32616417,U9714931,5802687,Female,University,2021-02-28
James James,2e497e80-3f67-48d8-ac51-e8601d497ff9,Fisheries,Fort Portal,+256731314145,47556528,U9262183,7146589,Male,University,2016-05-26
Florence Sarah,43ab01bd-98fe-494a-aa85-e38a30548b0f,Manufacturing,Jinja,+256710481386,44420210,U5671461,1492892,Female,University,2021-07-12
Jane Namwalwa,26092f75-1a26-436c-8029-c9e76212f769,Hospitality,Gulu,+256716824409,38110305,U6947496,6983767,Male,University,2007-07-07
James Bridget,b1c4541e-bf60-4e58-9900-3875bac98560,Manufacturing,Gulu,+256751523656,21604250,U5528761,2744196,Female,Secondary,2009-07-30
Nakinobe Sarah,1ee0c3a1-a312-4fac-b02a-0cb50f2b5716,Agriculture,Mbarara,+256704376668,33356539,U5319802,4203493,Female,Vocational,2014-06-16
William Alice,beed575d-26eb-496f-b233-8ca14f047d02,IT,Kisoro,+256742887677,46891210,U7100310,8123475,Male,Secondary,2003-11-02
Sarah William,440e598e-7eba-4cd1-9023-e09e6771252a,IT,Lira,+256739370459,87019459,U8895795,4460547,Female,Vocational,2009-08-30
Alice Sarah,61cc6f2e-e4c9-4dc0-bb84-20adbad70a25,Fisheries,Fort Portal,+256773681691,53894605,U4926052,8381166,Female,University,2022-04-24
Sarah Alice,01b35303-b290-4c1f-a974-db22dcae2291,Hospitality,Kampala,+256738666494,62022118,U7125483,4599784,Female,Primary,2006-11-10
James Alice,415249a8-8ae4-464a-a13e-aa3f2db52575,Fisheries,Entebbe,+256735488137,53848553,U2753738,9960175,Female,Secondary,2009-12-18
Namwalwa James,f684b8c8-2b12-4a3d-98f0-e946964cfebc,IT,Gulu,+256760434984,88791187,U2626312,1074495,Female,Secondary,2016-07-29
Sarah Nansukusa,0ded0723-5723-4c19-ad84-acc83856442d,Hospitality,Entebbe,+256763672291,24963302,U4468761,8536114,Male,Secondary,2011-10-03
William Namwalwa,6aa23dac-a8aa-4424-a7b3-78fb184a7b8b,Hospitality,Entebbe,+256775309810,53521047,U2722173,6252636,Female,University,2004-10-17
Alice Nakinobe,6860697b-b5bd-446a-9f71-0a399967fd61,Manufacturing,Mbale,+256766364279,67523094,U2536314,1110980,Female,Vocational,2019-09-15
Jane Sarah,026eb1f2-0d21-4e0e-a4e0-966fbf84bd0f,Services,Gulu,+256727649724,71741138,U1996047,1210803,Male,Primary,2016-09-04
Sarah Jane,89e260a9-1b45-4fb5-8178-78400bb8b21a,Manufacturing,Jinja,+256763973997,25496457,U5429427,5746696,Male,Primary,2005-04-11
Sarah William,79f42432-d103-4416-a9fc-e363810138ce,Hospitality,Mbale,+256799362876,57442840,U6608953,6788315,Male,Vocational,2020-06-07
Nakinobe Jane,89e1c1d6-5747-477c-a92c-fd59eeca0595,Services,Lira,+256764061678,45798202,U8961715,3505767,Male,Vocational,2013-12-27
William Sarah,b3e9a27e-3153-4c98-81b7-16fd750e2bfb,Services,Kampala,+256791247926,43210351,U8599159,3270467,Female,Primary,2007-03-21
Sarah Sarah,577f9d89-18cc-4b4c-8b51-2a9928f3bb5a,Manufacturing,Kampala,+256767693652,78697712,U3442706,3514890,Male,Primary,2010-12-29
James William,32801c57-6917-45a9-aead-42a9076926f2,Fisheries,Kampala,+256796905666,95027382,U6859302,2600402,Male,Primary,2017-04-15
James Namwalwa,589e98af-ca67-49b7-b381-c2ab52d53fa0,Hospitality,Bwindi,+256737869916,12709797,U2828277,1586130,Male,Vocational,2018-05-28
William Alice,9d0ec577-a418-4da8-abc7-c41554d643c7,Services,Mbale,+256708020391,55308601,U5493957,4367264,Male,Primary,2011-01-05
James Namwalwa,a6fd52a6-6a03-458b-8eca-3179bff3b57f,Retail,Jinja,+256795668617,15411465,U8099207,4321372,Male,Primary,2021-08-13
Namwalwa Nakinobe,3977185b-6c59-41ed-88d8-a6d59976c342,IT,Bwindi,+256703505738,97510395,U4184776,5932048,Male,University,2017-10-24
Namwalwa Nansukusa,86a08bb4-b5de-44a6-bdb7-8c14f0160067,Retail,Fort Portal,+256737750179,30530091,U5347051,4911655,Male,University,2007-08-03
Nakinobe James,2ebb7999-12ea-4f4a-9710-0b2f347ea383,Hospitality,Kisoro,+256763686207,53741395,U1668342,5397562,Male,University,2007-09-08
Jane Bridget,70433596-ec42-4e34-8ccb-d894028b3932,IT,Jinja,+256763306438,76737570,U4903702,3043580,Male,University,2018-09-13
Nakinobe Nakinobe,33e3504d-52d4-42f4-b95e-f00237a0d23a,Hospitality,Mbale,+256712500393,41259423,U1093854,1004758,Male,University,2006-10-23
Bridget Florence,37f85bf0-d734-4688-bed2-176ab57ef4d4,IT,Kisoro,+256797757421,99971472,U8214335,6948659,Female,Vocational,2022-03-28
Bridget James,5b00c628-3b73-4d5d-9e7d-b4afdf2da74d,Retail,Lira,+256745754734,79668483,U3939049,6423208,Female,Primary,2022-01-23
James Namwalwa,3475d38b-bc5d-4b21-98f5-51a3332c1da9,Agriculture,Mbarara,+256759186072,40630985,U7772062,4713721,Male,University,2015-02-28
Nansukusa Sarah,466e3e39-ac44-4c37-9e00-218d4b05261e,Services,Mbale,+256771564561,44712312,U7585403,7181048,Female,Vocational,2004-07-07
Jane Florence,55c1029e-d10d-453c-8bbc-23097206090e,Agriculture,Jinja,+256703255316,90424786,U1278845,6015900,Female,Secondary,2004-03-20
Florence Sarah,c0ec804d-0a27-438f-a563-325c90b25d97,IT,Gulu,+256764173841,21537371,U8845656,7578779,Male,Primary,2004-02-28
Bridget Jane,bb157c08-a237-4715-86e0-68c1ab07fb6d,Retail,Gulu,+256729628433,63422144,U8591918,4797740,Female,University,2010-11-07
William James,b0a92375-0e17-4db8-8ad4-8b1e3ed27aad,Manufacturing,Lira,+256712952618,96582876,U5476789,5330121,Male,Secondary,2017-01-10
Florence Nakinobe,64d16b0f-c1a2-486a-b401-c38eec2c821e,Retail,Fort Portal,+256773651607,65120710,U2801641,6549296,Male,Vocational,2008-11-03
James Namwalwa,86c0cc0d-fa18-49a6-8147-673d741a9646,IT,Bwindi,+256784999826,49693987,U9307540,4820687,Male,Secondary,2018-04-05
Florence William,3e38377b-5a68-44c5-80f0-b3f373eb7f5c,Agriculture,Jinja,+256772513371,65348566,U8267381,9457908,Male,Primary,2008-10-27
William Florence,d15aab3a-eb68-43d4-8220-16256486d8bf,Fisheries,Kisoro,+256772613902,49412492,U7594055,1332443,Male,Primary,2020-07-08
Nansukusa Nansukusa,0516d516-e391-49a4-8cd9-a2811a346fd0,Agriculture,Entebbe,+256706207700,26908154,U4082105,2211419,Female,Vocational,2011-12-04
Alice Nansukusa,f4b46482-bf75-441b-b8b4-0e0d6e8af762,Fisheries,Kisoro,+256745350526,78691072,U9167702,2442725,Female,Primary,2018-02-03
James Jane,b7312bb9-66de-4273-b295-5ee11418b572,Manufacturing,Entebbe,+256704634288,10097162,U8880864,9486284,Male,Primary,2008-06-04
Nakinobe Bridget,260a03b0-202b-4af0-84d4-ff3beccb386a,Services,Jinja,+256789534614,69652324,U3377800,9417690,Male,University,2023-05-02
James Namwalwa,5130cc3e-d01a-4620-997b-1effb05292a9,Fisheries,Gulu,+256796770828,62442743,U4746217,2420093,Female,Secondary,2014-07-04
Alice Florence,c62833ce-a743-4606-81a7-50c55fe5abc4,Services,Bwindi,+256751525084,65224910,U6999288,5817631,Female,Secondary,2006-07-31
Sarah Namwalwa,c3f83c23-1fc0-4748-aad5-c23fd2175b35,Fisheries,Mbale,+256799198044,42671732,U4817205,3882210,Female,Secondary,2015-12-23
Sarah Namwalwa,f25dfa8c-353a-43d8-8657-8259eb6f2564,Agriculture,Kisoro,+256795641316,37704711,U7247621,4282893,Male,Secondary,2008-09-25
Namwalwa Florence,5a450b80-127e-4ab8-836b-a85023e829ac,Agriculture,Mbarara,+256709984948,14647254,U6837027,2024210,Female,Vocational,2020-02-06
Florence James,b736df16-d6f2-4b09-9eff-aab4d1582e21,Services,Mbarara,+256778795181,34431795,U8339665,5601361,Female,Primary,2009-02-28
James William,7ee4acaa-21d5-417c-b662-267909f8697c,IT,Gulu,+256723982760,44273549,U2036400,9618510,Male,Secondary,2020-12-31
Sarah Jane,502ada93-8336-4604-bfab-adeb54ec7131,Services,Jinja,+256720151659,71695595,U5001020,1631592,Female,Vocational,2003-12-13
Sarah Alice,7a7cf1bf-429a-4dc6-8c2b-450331da0674,Retail,Gulu,+256729543343,34069505,U5679311,1197877,Male,Secondary,2005-01-09
Bridget Florence,9011af5a-3159-43e4-ae18-49d9caceb33b,IT,Kisoro,+256777100162,57736608,U5735821,7800833,Male,University,2022-09-05
Namwalwa Namwalwa,35a8ea30-4691-45dc-aca7-1828374ea0cf,Manufacturing,Entebbe,+256701292630,83664167,U7208715,7656060,Female,Secondary,2022-01-01
William Sarah,dae592be-d191-4830-ab01-f5f5723a6281,Manufacturing,Kisoro,+256762337784,12736992,U8440813,3943741,Male,Vocational,2003-09-24
Jane Florence,2445dce3-d9b8-42ea-87f2-a88ff407e298,Fisheries,Gulu,+256731666028,36370866,U7073147,5272876,Male,Secondary,2020-08-01
Bridget Namwalwa,dd4f1821-981e-4427-be20-49143e6d1a60,Fisheries,Entebbe,+256726165305,35854479,U8757695,4547878,Male,Primary,2004-02-05
James William,f4b04356-03a7-4e13-bc55-b084f677ae87,Agriculture,Mbale,+256779371775,26905014,U2312358,8044658,Female,Vocational,2009-11-17
Nansukusa Nakinobe,2b269a4c-40f2-4362-b5a1-5ccf1cd27c9d,Agriculture,Kampala,+256763706408,96376597,U7591133,6879269,Female,Secondary,2007-07-28
Sarah Nansukusa,61ca0c4d-cb9b-4453-8af3-cd3db7933171,Agriculture,Kisoro,+256705671610,15118067,U2955829,1199111,Female,University,2011-10-30
Jane Alice,6c154a8b-a043-450d-89a6-d2d7b1c77f13,Services,Kisoro,+256708047773,41105581,U3494042,1940014,Male,Secondary,2009-06-17
Jane Bridget,dc49dd68-2757-409f-a88e-76ff43d2c309,Services,Jinja,+256706931660,17386534,U4914591,5746969,Female,Primary,2005-10-19
Sarah Jane,e75663b2-bd1f-44a6-82b0-4b52b9f9b688,IT,Fort Portal,+256789540841,31765213,U2190762,7355276,Male,Primary,2004-11-04
Namwalwa Bridget,fbce6a1a-a6b7-4c4f-aaeb-30228928eb17,Hospitality,Jinja,+256773466554,82992113,U1737833,7984664,Male,Vocational,2014-01-08
Jane Florence,3fa9d067-a479-4db9-b932-35af269d9bef,Retail,Mbarara,+256709796542,87388434,U7653825,1623102,Female,Primary,2015-04-04
Namwalwa Nansukusa,3006edd0-331c-4151-8dc8-0e17c3dfc91b,Fisheries,Jinja,+256730807597,56792067,U4446226,5784345,Male,Primary,2018-02-06
William Sarah,6409c12b-85df-48f7-b4a2-f920baf34db6,Manufacturing,Mbarara,+256753543344,95701200,U5642942,4804077,Female,Vocational,2008-02-05
Nakinobe James,19862fba-5cb5-479d-b441-0ae82a36159e,Retail,Bwindi,+256728332928,69841815,U6355385,3311258,Female,Secondary,2023-03-13
Florence Namwalwa,279ed050-5d3b-49b9-ba31-845c7bb5bff4,IT,Fort Portal,+256758179965,27574364,U3411747,1673720,Male,Primary,2010-04-13
William James,680e415b-bf2b-42b9-8016-9afa88c925b6,IT,Bwindi,+256744399371,16801557,U8024903,8022701,Male,Secondary,2019-11-17
Nansukusa Nansukusa,8c993ff7-73c5-4618-a2a5-245584feda33,Retail,Kampala,+256737773843,44327382,U1510663,3716892,Male,Primary,2019-07-15
Namwalwa Nansukusa,83ec2d43-ee6d-4ca8-9e57-736f272b443e,Services,Bwindi,+256768677171,61277031,U9568729,4396330,Male,University,2011-08-02
Namwalwa Alice,adbf8f00-d456-46e4-9abf-2ddb9ca92cdf,IT,Bwindi,+256702563106,78098289,U6857016,6525349,Female,Secondary,2021-02-07
Namwalwa Sarah,897d4cc3-44e6-442b-8723-2492ed3bceca,Agriculture,Mbale,+256734564419,62766470,U1541011,4487819,Female,Vocational,2009-09-10
William Florence,a91039a0-68f0-45de-943f-6c907f29f983,Manufacturing,Kisoro,+256770699238,53298982,U7538446,2109919,Female,Vocational,2021-04-07
Sarah Alice,608322d1-9637-477e-837b-f224b41f8575,Retail,Mbarara,+256726228179,66113473,U7087213,9592985,Female,University,2022-08-27
Alice Bridget,6df2c492-052a-4d65-a5d9-4a44b52cc1ba,Agriculture,Kisoro,+256752321361,26663034,U3619026,5840227,Male,University,2008-10-29
Nakinobe Nakinobe,b5a698f1-9571-4d9b-a873-6b70e573cb97,Fisheries,Lira,+256734699732,99774882,U7028420,7105616,Male,Secondary,2009-08-09
Florence Florence,433a8bfb-9844-4612-a5a7-41f08c6841ca,IT,Bwindi,+256776629109,82489251,U7100232,3725178,Male,University,2010-02-23
Nakinobe James,d65bc1dc-a13e-4508-bbfa-febb8641f6e6,Fisheries,Lira,+256781239119,67899286,U9028068,1220747,Male,Secondary,2016-08-18
Namwalwa William,9ff7dd2e-2e76-4b66-8269-d3c757ff0e1d,Services,Lira,+256715693790,25551923,U8561976,8551316,Female,Vocational,2006-11-28
James Alice,a54b3ea8-3964-403d-8931-6f21ce9fb0c5,Agriculture,Lira,+256706330279,27027886,U5341987,9651155,Male,Primary,2015-07-14
James Namwalwa,633c536e-c51b-4c12-9bad-905bd5c2669d,Fisheries,Mbarara,+256710784653,50057195,U6572500,6691680,Female,Primary,2007-09-02
Nansukusa Nansukusa,c53f39e1-026f-4b74-9bf2-d63af83c21d1,Services,Kisoro,+256741551642,52055041,U4911681,4211312,Male,Vocational,2008-09-08
Sarah William,3e7fde53-cb69-4488-a06d-5f6ddfb95cdd,Fisheries,Kisoro,+256753240032,74330961,U2697632,7841181,Female,Vocational,2018-11-21
Florence Alice,c1de1b2a-53be-4dd5-9cd6-5edf7500a288,Agriculture,Fort Portal,+256767901551,21954357,U7802083,2643841,Male,Primary,2008-11-25
Florence Nakinobe,1269faca-9712-4312-a1ce-045563a1fe0b,Retail,Fort Portal,+256755648263,93159959,U9695225,2277507,Male,Secondary,2011-05-26
James Namwalwa,7935ab39-aa61-4eeb-b4ea-c1c6123735d0,Retail,Mbarara,+256768635366,43895057,U4648786,9902580,Male,Secondary,2014-11-28
Namwalwa Nakinobe,f33c9b82-668c-4e6c-9353-22eae9f6c08d,Manufacturing,Jinja,+256751408052,42964112,U1181284,8838646,Male,Secondary,2010-04-21
Bridget Florence,e21ea1ca-0f50-45f2-a4cc-9a35830f6298,Fisheries,Mbale,+256761474985,24782326,U6012586,9816914,Male,Vocational,2023-03-18
Nakinobe Alice,e3274fa8-952d-4c3a-962a-812a1253fa77,Hospitality,Fort Portal,+256778641489,11049638,U7059739,5786242,Male,Secondary,2005-07-09
Alice Florence,9ed4eb4d-9086-4397-a3e6-a24df31ff7ee,Agriculture,Kisoro,+256712302004,43453920,U3854142,6942558,Male,Primary,2020-04-08
Namwalwa James,5fc07ee9-5c8e-4e7b-a8ea-8235e46001a3,Agriculture,Bwindi,+256796336817,54915652,U1873526,8124809,Male,Secondary,2008-05-18
James James,a076b267-c2fb-4dde-87c8-cec9b924ac5c,Retail,Mbarara,+256707149969,52724027,U1476498,8268689,Male,University,2005-12-31
Alice Nansukusa,2b65d10e-9400-486b-9a4f-1353d2868f44,Agriculture,Mbale,+256783526026,11667801,U4233523,2799120,Female,University,2015-11-22
Sarah Florence,8c09482f-3345-4f6f-aad6-4e87734180df,Manufacturing,Mbale,+256703402430,46373039,U3859793,4326804,Male,University,2018-01-24
William James,37e28dc4-3d08-4bfa-ba96-a4ed496fd154,Agriculture,Gulu,+256758143002,71836288,U1335703,6445487,Male,Secondary,2020-11-26
Florence Nakinobe,1a9882cd-e8f2-4232-ac38-95a114f41a30,Manufacturing,Kampala,+256756391010,36120061,U4223547,7448249,Male,Primary,2007-05-06
Nakinobe Bridget,a4a54888-5f44-4813-b0ed-f01a0b2c59f9,Retail,Gulu,+256718168401,14273557,U6365704,8981944,Male,Primary,2014-01-20
Namwalwa Nakinobe,d25bee51-93e7-4422-a2ce-a508ced42ed6,Agriculture,Gulu,+256736901198,80904147,U4592400,8396514,Male,Secondary,2018-01-28
Jane Jane,63b2dfdb-eea7-4aae-9850-9fb64004fd9f,Services,Mbale,+256736758697,29559463,U3380703,2731263,Female,Secondary,2006-03-14
Jane Sarah,6e609fee-b2c6-4504-8d03-f8d2e5d9f6c8,IT,Kampala,+256708620232,26747945,U1314836,1523882,Female,Vocational,2021-11-10
Bridget Sarah,a2161e54-b1bd-4fb7-ad6a-cb92b3de6021,Retail,Mbarara,+256798096191,41545110,U5920706,5154970,Male,Secondary,2005-12-19
William Alice,8e8f794e-8600-4f00-af5d-b41c80b22104,Fisheries,Gulu,+256792561697,44523020,U9259765,6279482,Male,Vocational,2016-02-29
Jane Jane,b4f5029e-7bb8-4a5d-a2d8-4593c29ec54e,Retail,Mbarara,+256717456666,86215853,U6199270,2524887,Female,Secondary,2014-06-09
Nansukusa Namwalwa,9925149f-337b-4cf4-930c-f826a0a55f9b,IT,Mbale,+256771272679,27296695,U2007537,6011414,Male,Secondary,2008-01-25
Sarah Florence,7b657f63-4092-4298-b8f8-12eac84c365c,Agriculture,Jinja,+256735125496,29168639,U2907354,6885077,Male,Vocational,2019-02-25
Sarah Sarah,7a60a275-941c-429b-b798-66b8a03a4253,Agriculture,Mbarara,+256720202630,88553857,U1418682,1143413,Female,Secondary,2022-09-20
Namwalwa James,031b6d67-21de-420c-9b7c-330ce20617c2,Manufacturing,Lira,+256731902013,70136832,U8315508,8425695,Female,University,2006-04-25
Bridget James,9bd1c4c4-65bf-42ce-a940-21352402ac19,Retail,Fort Portal,+256752479306,73570874,U3762830,7695815,Female,Vocational,2020-10-28
Bridget Alice,05346bbb-f6f7-48b7-8f34-b3dbd5a35620,Manufacturing,Lira,+256723591335,64287365,U1445685,8554721,Female,Primary,2005-02-01
Bridget Sarah,0461ea95-ac7c-4c09-b597-ac27f7de38ae,Agriculture,Jinja,+256708731948,30162596,U9382708,3423384,Female,Vocational,2010-09-13
Florence Bridget,92fbdd91-c7c7-4ebd-bbca-cb370e346da3,Manufacturing,Gulu,+256759992702,94596018,U5669345,3993212,Female,Vocational,2007-12-21
Bridget Jane,e095bdc6-7bfd-457d-af05-b8a3ad2d366c,Agriculture,Entebbe,+256726541574,98284636,U2041525,3448654,Male,Vocational,2006-06-07
Namwalwa Nakinobe,5d2020a3-767c-4ba5-8451-f4e31c09d756,Agriculture,Kampala,+256701506162,30064921,U2153121,1361973,Female,University,2012-12-20
William Nakinobe,b0fbd3ad-e329-4ccc-81ff-c60334ae9be5,IT,Lira,+256720049147,63079488,U1177700,5767864,Male,Secondary,2012-05-23
Nansukusa Florence,49858d6d-b0ab-4f74-951b-79e8b3e5a849,Services,Bwindi,+256774164238,66462917,U2196329,9370557,Female,Vocational,2011-01-25
William William,b949659e-d372-43b0-b617-c66ba6e15d30,Retail,Gulu,+256738867757,25704585,U6750726,4552561,Male,Primary,2011-03-10
Bridget Namwalwa,266d370c-a5a0-439c-8b93-56667819c0e9,Hospitality,Kampala,+256766710834,25994165,U1611395,6806776,Female,Secondary,2014-12-28
Nansukusa Jane,beb8a235-bc80-45f7-8727-18dac13cc18e,Retail,Lira,+256706308826,22172498,U4380495,8946778,Female,Secondary,2017-02-07
Sarah Florence,3f8279d1-dd9b-4089-9a69-4cae28b01419,Agriculture,Lira,+256740825048,54409152,U2360636,5644941,Female,Vocational,2015-03-12
Namwalwa Bridget,5f526c21-41e6-43f0-8525-7ce013aaa94c,Services,Jinja,+256784772040,76123197,U8996243,6810436,Male,Secondary,2021-01-15
Alice Jane,b2b8cfcd-e369-45e9-b31d-1bda1536562e,Hospitality,Jinja,+256765427095,89161130,U4316847,6040284,Female,Vocational,2016-03-21
Jane Alice,cdd91690-c960-42dc-bd63-0d75386a5fb1,IT,Kisoro,+256732558057,84746889,U7464716,2200056,Male,Vocational,2008-04-03
Jane Nakinobe,94dc2852-b02f-4fdc-b41f-5d96fd8d3df4,IT,Mbarara,+256735161282,77095887,U5467290,4806561,Male,Secondary,2017-03-11
Jane Nansukusa,9715e5f0-c1b0-43bb-bcd8-6c46c8e5143c,IT,Mbale,+256771388937,51318974,U3856447,7587703,Male,Primary,2008-05-24
Alice James,6d3154df-ee71-4afb-813d-7eb770756506,Hospitality,Kisoro,+256744295092,22545232,U3546704,3338438,Male,Secondary,2018-09-08
James Nakinobe,c9d3a496-301c-416f-b4a9-fee4ac5adfae,Hospitality,Bwindi,+256783648618,97940495,U6726897,4205251,Female,University,2007-06-03
Nansukusa Nansukusa,f883b23a-5cbb-427a-92e3-b35ed1a5c957,Fisheries,Kampala,+256782587554,81213298,U2018630,1677938,Female,Primary,2013-05-29
Nansukusa Nansukusa,1cc5a4e6-a7ee-48a7-8096-5c52a1923fe8,Manufacturing,Kisoro,+256736879334,60116104,U8919028,9799140,Female,Vocational,2017-05-13
Florence Jane,c9b6589d-0efc-47a8-8d92-641d2c1292d1,Agriculture,Fort Portal,+256759681306,41238559,U5738699,6182152,Male,Primary,2010-10-14
James Nansukusa,398cdb3c-1ee7-4f10-bdba-2ad164bbd32e,Manufacturing,Entebbe,+256701870172,80012826,U4930363,3302901,Male,University,2008-02-02
Bridget Namwalwa,55b83c47-6b4b-4430-bb87-4e97525ac50a,Manufacturing,Jinja,+256726384309,11244473,U4091739,3090583,Male,Vocational,2005-03-10
Namwalwa Florence,6b2870a6-67be-4a5c-b4ff-c98a64af7bc2,Agriculture,Bwindi,+256789221648,39594014,U2667211,7101601,Female,Primary,2017-10-18
Sarah Namwalwa,db104b0a-493b-41cb-9ba8-681a571fc9f9,IT,Bwindi,+256758005692,54025962,U4115919,3958534,Female,Vocational,2006-11-05
James James,d8ec0ca3-ee75-4f16-a6a1-82c01fffec9a,Fisheries,Jinja,+256753063966,71220070,U4664102,5921286,Female,Vocational,2004-03-12
Nakinobe William,25f871ab-890f-404a-8a17-a9aa84a0b63e,Hospitality,Jinja,+256729052735,11941527,U7851402,3266400,Female,Secondary,2006-04-12
Sarah Namwalwa,ab1867ce-fdb9-4453-b9ea-129aae7b8138,Retail,Jinja,+256777571684,48225113,U3290682,6832817,Male,Vocational,2006-04-04
Nansukusa William,46a60aa6-c104-4345-8e16-ebf9209a35e5,Retail,Lira,+256772547695,97379427,U6833041,9856106,Female,Vocational,2022-10-03
Jane Jane,1265d76a-32b6-41d3-9af4-e29e26190422,Services,Mbarara,+256759787456,29937896,U3960966,6508281,Male,Vocational,2020-06-12
Florence Nakinobe,19da5728-a6fa-4bfe-b184-85cef277de4c,Retail,Kisoro,+256707856724,47424390,U6541421,5203648,Female,University,2004-07-16
Florence Florence,4aef2797-b3d4-40bf-b2ec-ef0316d3196f,Agriculture,Kampala,+256715110187,47728236,U6813973,9020598,Male,University,2021-04-01
Florence James,dfdd681d-0408-43c5-83fc-c5bc8afb1018,Hospitality,Kampala,+256736969875,40761535,U7416954,4381731,Male,Secondary,2004-01-06
Sarah Sarah,6b9680f8-96bd-45fa-ac2c-1a94ae9efcd1,Services,Gulu,+256731296089,62552483,U3662852,8602092,Female,Primary,2004-08-09
Sarah Nakinobe,cc9d4439-b3c1-4308-b8f9-2b55f8dfe371,Services,Bwindi,+256782424345,78637245,U8133061,8838160,Male,Secondary,2008-11-25
James Nakinobe,fabeb0fe-86ec-4dc4-9aa1-2ec4dcb459b3,Manufacturing,Fort Portal,+256731609961,11764517,U4038657,3186804,Male,Vocational,2006-06-17
Alice Namwalwa,a97922eb-990c-41bd-af59-ce8c70b5dc3b,IT,Mbarara,+256773541385,18953799,U3186681,9680344,Female,University,2004-12-08
Bridget Jane,fff9eeea-9b06-4b79-9baa-f3b79a104b95,Services,Jinja,+256707777639,33038008,U3980014,4969594,Male,Vocational,2015-11-06
Sarah Florence,4925852a-71d8-4795-b1ed-913613b910b6,Hospitality,Bwindi,+256742856705,36875937,U6298646,4087659,Male,Secondary,2020-01-12
Florence William,b4afc442-e9ea-4c3b-b2cc-16a779c8c48a,IT,Jinja,+256703827078,36029102,U9180371,6167077,Male,Primary,2012-06-16
Nansukusa Nansukusa,3423fc51-7c69-46ad-8669-a3710cfdc04a,Hospitality,Kampala,+256701041940,23984984,U3037193,1384497,Female,Secondary,2009-10-16
Namwalwa Florence,d540a9c7-3a2e-47c5-ae62-2aabbab22cdb,Manufacturing,Bwindi,+256748537073,14737885,U8587811,7497355,Female,Primary,2003-10-27
James Bridget,27e559c4-206e-4205-9c82-9b176ac7d0a3,Services,Mbarara,+256798043247,58777897,U9316337,3810658,Male,Vocational,2019-12-15
Florence William,c13eea32-f3a6-40b5-be2a-ca9d58e548e5,Retail,Bwindi,+256739031523,36700920,U8819837,3050881,Male,University,2005-04-13
Alice Florence,96b47190-8155-4ad4-8378-59f75d876c75,Hospitality,Kisoro,+256720498628,59405552,U1591794,3085444,Female,Vocational,2013-09-05
Alice Nakinobe,7f984cd6-2ad0-455a-9dcd-a2dfbeb02120,Fisheries,Lira,+256709064699,83683189,U6673689,7562796,Female,Primary,2022-04-20
Sarah Bridget,66a84480-bd49-4fae-a388-7c49960a6e76,IT,Fort Portal,+256779869632,10026458,U2651694,5437025,Female,Vocational,2007-05-25
Bridget Sarah,688aed3b-bf0f-4883-9f10-df0d0d474036,Manufacturing,Gulu,+256770107131,39961071,U9425273,6109664,Male,Secondary,2023-02-14
Florence Bridget,37cbd198-cbfa-4884-8e07-c50f9837cee9,Fisheries,Jinja,+256746634431,63451483,U1698398,4289595,Male,Secondary,2022-01-06
Namwalwa Alice,5848683b-dcfc-4b32-892a-0198de6abf17,Retail,Kisoro,+256783602063,99584603,U9044923,1566013,Male,University,2021-11-02
Nakinobe Namwalwa,baeaa888-d85e-4848-be08-e43322c5951b,Fisheries,Fort Portal,+256733276385,74335176,U6404834,5147446,Female,University,2009-04-09
Namwalwa William,0300a8e9-e2ce-4984-999f-0b326666b4f9,Retail,Jinja,+256753628772,51222180,U3580262,5558300,Male,Primary,2013-01-28
Nakinobe Nansukusa,1c932f6a-9fb2-45ef-8684-3727db82c4db,Agriculture,Entebbe,+256780740547,85706023,U9112178,9369149,Female,Primary,2022-10-07
Nakinobe Bridget,ae28d635-bf0c-4e94-bd4a-3377a1b3f9e3,Hospitality,Bwindi,+256793669422,22424709,U4297598,2365676,Male,Vocational,2020-09-20
Alice Alice,3b630f44-a38c-4d0b-a394-e0b447fb3c1a,Fisheries,Lira,+256705126918,31458185,U2692513,9459339,Female,Primary,2020-04-12
Namwalwa Namwalwa,564fe5f2-125b-4126-b015-2486b2cc68bb,Manufacturing,Kampala,+256774695603,43327595,U5771854,6970719,Male,Vocational,2023-09-05
Namwalwa Namwalwa,aadf5f27-9e02-4725-ada5-fa9d06cfb8dd,Services,Kampala,+256744650213,36386063,U9429186,5472665,Female,Secondary,2023-04-25
Jane Bridget,84d6f271-721d-4e08-b5a7-7e5e970a4bf4,Services,Entebbe,+256702026224,91421253,U2990680,3618564,Female,University,2006-10-03
Namwalwa Jane,4cdebd31-1466-41bd-bbae-af8c9243ec73,Hospitality,Mbarara,+256776109501,48614987,U3931235,8388385,Female,Primary,2006-01-14
Florence Sarah,bed8aa02-ca8e-4009-a203-ab053f73ff4d,IT,Entebbe,+256719822219,64718220,U1228066,2086704,Female,Vocational,2011-03-09
Sarah William,c2cc5f2b-84da-4fee-9426-f3cdabb141d7,Hospitality,Kampala,+256710911720,20429496,U9860959,7180951,Female,Primary,2009-06-23
Namwalwa James,030fccf8-2233-447d-ba51-2019e2087bb6,Agriculture,Bwindi,+256724200442,90613550,U1985019,1999485,Male,Secondary,2014-11-17
Bridget Sarah,63f0ec98-4659-46b5-a076-87122bd9d6b7,Hospitality,Bwindi,+256735730359,66405076,U8079986,3012731,Female,Primary,2015-02-14
Bridget Nansukusa,f15bc4b2-8a05-4a95-abe8-27fa19856b2a,Agriculture,Kisoro,+256749272978,10363880,U5854352,2701828,Male,Secondary,2022-03-25
Sarah Nansukusa,914cce88-e503-417c-a5be-9e025f988db0,Hospitality,Mbarara,+256741714108,79785809,U7982900,6206927,Female,Vocational,2008-06-17
Alice Nakinobe,4bb5ca12-7fdf-4032-919a-e632d45547e3,Hospitality,Entebbe,+256719447592,75015732,U3366335,6558261,Male,Secondary,2007-07-26
Namwalwa Bridget,05f0b2d4-a934-4fb8-83ea-e50f5db87e42,IT,Mbale,+256721921125,25671022,U6461392,8742524,Male,Primary,2016-10-04
Jane William,d4f26919-af01-4c9c-ae95-a2c96ddf2eb5,Manufacturing,Kampala,+256743704060,79526864,U6853008,7934378,Female,Secondary,2018-06-13
Nakinobe Nansukusa,c9b93253-8037-451a-9d37-f7f1cbdd0a75,Agriculture,Lira,+256743010559,30738495,U6118133,4520836,Female,University,2022-09-02
Jane Alice,3264ce39-183e-4797-9bb4-61249b2fe13f,Services,Entebbe,+256762490848,72881760,U9171894,3564194,Male,Primary,2006-11-12
William Florence,df1462fe-0f9c-4ace-ac9d-f8eac55fc3ba,Agriculture,Entebbe,+256727602106,65161127,U6218319,3833263,Male,University,2020-05-30
Jane Namwalwa,0a5dce75-9ab1-40bb-a622-559288bfdb53,IT,Bwindi,+256723635541,82406292,U1965112,3260839,Male,Primary,2020-03-04
Bridget Bridget,93e6c2a1-303a-4669-bbaa-b5ed36b034c5,IT,Bwindi,+256782874924,81498031,U3734624,2597797,Female,Vocational,2015-08-09
Jane Nansukusa,d01f1783-4253-4f50-9669-a48db8c1bfaa,Agriculture,Kisoro,+256703004413,92477424,U1887139,1426249,Male,University,2004-01-05
Sarah Sarah,15dacdab-3c72-4a3f-86b2-e8ad8140e93f,Agriculture,Kisoro,+256720979997,15728907,U9089037,3806409,Female,University,2005-04-11
Namwalwa Namwalwa,4fee216b-99da-436a-a47d-025a61592f00,Services,Mbarara,+256797447827,73992073,U4242900,7655706,Male,Vocational,2011-08-27
Namwalwa James,0f5b6b2f-d723-4639-97c0-a9be14e68844,Services,Mbale,+256763350548,55096800,U1349085,3918241,Female,University,2006-11-13
Jane Nansukusa,fdd863a0-c55c-4b25-a5dc-a9654a2bf10b,IT,Gulu,+256733872841,32612472,U2420745,9356881,Female,Primary,2023-01-15
Nansukusa William,51fc9e60-c20c-454b-afa1-ceac1141394c,Retail,Lira,+256777442895,97774527,U7569241,6254493,Female,University,2009-01-17
Jane Sarah,da4cc6f3-7e66-4235-ad05-034332dd2268,Agriculture,Gulu,+256711705259,30437973,U7928252,7037174,Female,Primary,2013-11-13
Nakinobe Bridget,f20127a4-1906-47b4-ad3f-d86309fe8b68,Services,Fort Portal,+256759955808,76869663,U4601413,5886343,Female,Secondary,2004-03-20
Florence Alice,5767485b-3df6-485c-993c-726ca81399bc,Agriculture,Kisoro,+256713654975,67965876,U6526161,5905626,Female,Vocational,2017-08-08
Bridget Florence,7bb278c7-c84a-4d41-a9e2-02bd10e2408d,Services,Kampala,+256729895600,34336999,U3326747,7450178,Female,Vocational,2021-08-17
Nansukusa William,d1e131d6-8605-4e52-b42f-ce510977354e,Services,Fort Portal,+256702150471,26925576,U1701864,3172876,Male,Primary,2011-01-26
Florence Namwalwa,95511c73-d8c6-4b16-8950-182e1182bcb0,Manufacturing,Lira,+256713045303,75781136,U5067463,4146603,Female,Primary,2009-09-20
Nansukusa Sarah,dac78fc8-baa9-4899-bb62-60fe24f2991f,Hospitality,Jinja,+256785391628,62725624,U2499326,3137565,Female,Secondary,2022-10-11
Sarah Bridget,4a18e9f7-f2be-4c51-b332-07407282f5d8,Manufacturing,Mbarara,+256754514028,90613254,U4326763,6115103,Male,Primary,2008-05-10
Alice James,4f338a1e-9b21-41c5-bf82-229f00224300,Hospitality,Mbale,+256710281682,66950358,U1570270,8223579,Female,Secondary,2013-01-15
Namwalwa James,832e5277-61cc-478b-b78f-1020f4460766,IT,Entebbe,+256754886508,53619453,U4488852,5330584,Male,Secondary,2021-10-29
James Nansukusa,c631e29c-d496-4fda-abd5-0cf889b57b5c,Agriculture,Lira,+256770899360,62354459,U6009190,8320502,Female,University,2022-12-05
Bridget James,a5947791-c759-4e4f-9be6-70064943fb2b,Hospitality,Kisoro,+256713758678,76635435,U1020845,9471887,Male,Primary,2019-02-08
William Bridget,1c688b37-481e-4c34-879e-b2b1e80fb107,Services,Gulu,+256733344383,16987077,U1862108,4268973,Male,Vocational,2016-04-11
Sarah Bridget,e20c202b-3aec-47e1-a770-02ca52568273,IT,Mbale,+256767384084,19525971,U1207654,7229322,Female,University,2020-06-03
Nansukusa Sarah,4bd2c7b3-c0f4-4b2c-84c1-eed324a9117b,Services,Kampala,+256763442696,28320891,U2013471,8191677,Male,University,2019-04-11
Nakinobe Florence,9b718837-1f9a-46f1-924a-c5a49ea1e3be,Services,Entebbe,+256715825348,28639889,U6101657,5496783,Female,Primary,2015-12-05
Namwalwa James,ee0b91e1-9854-4b2c-b233-b3583198355e,Services,Mbarara,+256705566920,12709281,U9245255,3236100,Female,Vocational,2006-05-03
James Nansukusa,dfed20b1-fabe-4db1-a8b2-8fcc1ac24797,Manufacturing,Mbale,+256774781284,71703682,U3554910,4686879,Male,University,2013-11-30
Nansukusa Sarah,b47ac840-25d6-4738-b9a1-579900781666,Agriculture,Jinja,+256738873306,74637017,U7067568,2510848,Female,Vocational,2014-01-27
James William,cc76003d-3255-4b58-bc9d-148af462dc58,Services,Mbarara,+256784232436,67185822,U4685823,6079766,Male,Primary,2021-10-18
Alice Florence,00cadfba-fa47-4fdb-b2db-7e14b2dfec7e,Manufacturing,Gulu,+256721636681,28591316,U3256016,8079874,Female,Secondary,2015-01-12
Alice Bridget,187b4d7f-52a9-406a-8b61-d968db4663bc,Manufacturing,Bwindi,+256726617108,33772836,U5588821,2219657,Male,Secondary,2020-04-12
Sarah Jane,588aff0f-8e27-4de5-8e40-54366352377e,Agriculture,Gulu,+256723470974,75191374,U7209333,7258594,Female,Primary,2023-07-14
Alice James,2bde3728-18d7-4bb9-8eea-265a6a55f489,Agriculture,Kampala,+256737328586,43929028,U7781159,1334992,Female,Vocational,2017-11-10
Florence Jane,106ba3e8-ed16-4c04-80b7-b169d698f9a7,Hospitality,Entebbe,+256795214199,22581586,U7593539,6422705,Female,University,2020-04-18
Nansukusa Nakinobe,ad75c812-4c19-4493-913b-5d5fa363d6ba,Manufacturing,Kampala,+256739224610,53715220,U4654705,8968692,Female,Vocational,2018-01-07
Florence Florence,5e4033f9-61cc-4b3d-8158-97a1fb26444f,Services,Fort Portal,+256746350102,33856525,U5935794,3557824,Male,Primary,2021-07-04
Bridget Bridget,a6314cea-651c-4c6e-b2f7-dcfb8d44dc38,Hospitality,Gulu,+256700088497,68456705,U8333848,8134574,Male,Secondary,2017-12-14
Bridget Bridget,42952004-5fc4-4ee5-b9a9-b97239325852,Manufacturing,Bwindi,+256761072766,98739525,U8071917,1573887,Female,Primary,2018-04-23
Florence William,e1c687ec-c139-4ae2-97f8-5b6943ab3937,Retail,Mbarara,+256734267661,10211844,U3695920,1604392,Male,Secondary,2021-04-05
Alice Namwalwa,853f17a3-28c6-44ce-b7c2-b51908c85d35,Retail,Lira,+256780907835,41737681,U5609840,8312490,Male,University,2004-09-28
James Namwalwa,c92a690b-418a-4280-bb05-61462f27ea1d,Services,Kampala,+256753255703,22964453,U7761198,9048990,Female,Secondary,2021-12-21
William James,60137c9c-f00f-47b6-bc6c-893dbd006b68,Hospitality,Kisoro,+256724731940,95214889,U9804633,7246648,Male,Secondary,2016-05-31
Florence Florence,4ef3fd66-0b41-4ecd-8dbe-50f032678458,Manufacturing,Mbale,+256789551633,25788905,U3766267,6675267,Male,Primary,2020-12-08
Namwalwa William,bcafcde9-c2ef-4e42-b502-dea6c82af5e6,Services,Mbarara,+256740563640,57817999,U7885361,6449855,Male,Primary,2013-04-17
Nakinobe Alice,a3eb7335-faa1-4af1-b1a5-cda2af0ca07d,Fisheries,Jinja,+256752120060,73627164,U9208133,2161677,Female,Vocational,2010-04-26
Nakinobe Jane,09378d3c-a7eb-4655-836e-3efe9c2c4571,IT,Kisoro,+256718939391,41264786,U4237042,2095487,Male,Secondary,2013-10-10
Bridget Alice,c8c4a94e-d5ef-4b72-957e-8e6bacc9cfdb,Agriculture,Entebbe,+256703886991,86637444,U8099484,7747972,Male,University,2005-09-09
Sarah Namwalwa,f5226985-4b96-4e15-ad99-e40fd44fd201,Manufacturing,Mbarara,+256761470161,90537954,U4996743,8595568,Male,Primary,2022-09-04
Jane Alice,c5c09c92-50e3-4a94-928c-2227b92670ce,Agriculture,Bwindi,+256785709419,63643423,U1492653,1057957,Male,Primary,2019-04-26
James Namwalwa,5633c55d-bff1-43c4-8f0a-b19913313617,Agriculture,Entebbe,+256727470431,41327772,U1530245,3583021,Female,Primary,2007-06-01
Nansukusa Sarah,9c82fa5f-7839-4a47-9ca4-4926f34405fe,IT,Bwindi,+256700614792,73822796,U5151371,3836869,Male,University,2008-07-24
Nakinobe William,ccea87f3-23c7-4580-b834-9c7952b92b6b,Manufacturing,Mbarara,+256751029087,52341014,U4432074,4486763,Female,Vocational,2022-11-02
William Nakinobe,34f7fef8-f666-4889-a283-2b8c05546c5c,Fisheries,Entebbe,+256718271117,59540465,U5952441,7104966,Female,Secondary,2004-04-18
Bridget Nakinobe,d04f95b5-165c-4614-b61c-73c3f7ba4cec,Fisheries,Jinja,+256715167706,49657613,U8638573,8925082,Male,Secondary,2023-09-14
James William,b06610f6-5b56-4604-b022-6fdf09f0c6ae,Manufacturing,Mbale,+256735060879,75116438,U2550688,8831997,Male,University,2012-11-03
Bridget Nakinobe,6e15df4c-aeb7-4b10-8bcf-83dd7db0dff1,Manufacturing,Kisoro,+256722991281,96075876,U7540557,7385885,Female,University,2004-01-11
Nakinobe Sarah,39b37fe8-6672-4f7f-8b5f-d2615c3e0311,Services,Lira,+256789862942,39230891,U8227800,2500975,Male,Primary,2021-10-30
Bridget William,10826294-22f3-4f8e-ab57-8ddb6a93466b,Services,Kisoro,+256700000860,52351850,U5049712,7740648,Female,University,2011-12-04
Alice Florence,e4b391c8-1bfc-4f08-a1cf-5e70896cb470,Fisheries,Entebbe,+256760640835,43293209,U7035337,8924713,Male,Primary,2015-04-16
William Namwalwa,9a6463f8-9633-480f-b215-83b8d2c78bd0,Manufacturing,Mbarara,+256754741860,59449102,U6330348,3383007,Male,Vocational,2014-04-15
Nakinobe Nansukusa,c9438713-f0cb-4637-96cb-e17563ba27d0,Services,Kisoro,+256798411036,86047925,U5919095,3318679,Female,Vocational,2009-12-31
Alice Nakinobe,1ffc3a86-187d-4271-8ffd-41948c29d018,Retail,Kampala,+256790673785,65005368,U8825746,3378154,Female,Primary,2006-09-15
James Namwalwa,e6ee3943-e160-4e9e-9880-37bbe3cea709,Retail,Gulu,+256735278718,58379799,U8787993,3454620,Male,University,2018-10-23
Florence Bridget,9de07432-cdab-482a-8dd3-64d7ba4685a5,Hospitality,Kampala,+256712099551,93553553,U3477117,8574351,Female,Primary,2020-03-31
Alice Bridget,8a72a1ff-91c5-44db-86a9-d48847cb38b7,Fisheries,Lira,+256794592361,91934019,U4339523,4301014,Female,University,2003-11-25
Alice Namwalwa,a36b7b39-c9f1-494a-a5b0-cc31141f0669,Fisheries,Gulu,+256748616040,61384316,U4556993,2453606,Male,Primary,2006-08-12
Nakinobe James,bd003067-870a-4d8c-a0b2-53e94e04819d,Fisheries,Bwindi,+256729904951,91237808,U8122990,5953088,Male,Secondary,2006-11-19
Namwalwa Namwalwa,68774527-3cb8-4cbf-a887-db4367d84361,Services,Kisoro,+256773462709,77643190,U4008790,5905454,Male,Secondary,2016-05-14
Nansukusa Jane,21970383-47dc-424c-af00-e111bc558838,Hospitality,Jinja,+256783396720,52717087,U4221463,6295068,Female,Primary,2023-05-31
James James,c6ac0dae-1cf2-48b4-900f-37475dd977a7,Manufacturing,Kisoro,+256736876704,87274349,U4355817,8308444,Female,Secondary,2012-04-20
Nakinobe Bridget,0884039d-c12e-448d-8953-728b465c390b,Hospitality,Fort Portal,+256745969284,14302794,U5741185,9365056,Male,Primary,2004-09-15
Sarah James,6fe6be60-22fa-46bf-ab7f-b5b793202c54,Hospitality,Bwindi,+256770091444,43071378,U7760578,6703388,Male,Primary,2004-02-25
Florence William,b05ab1c6-546b-4ff2-a768-eb566cd724d2,Agriculture,Fort Portal,+256787118298,82609091,U2245662,7354923,Male,Secondary,2007-10-15
Florence Alice,a8cd3443-52bb-462e-a52d-b27e8d009a0a,Retail,Bwindi,+256732215281,96084952,U2364802,8883436,Female,Primary,2005-10-20
Sarah James,b201585a-6597-43e7-ac33-71e6d4f9eb7f,Services,Entebbe,+256704258528,19669190,U6501794,8226953,Female,Vocational,2014-07-30
James William,27b9f330-9a7c-4a99-b804-2ca0fb27e065,Manufacturing,Kampala,+256775691459,59188563,U4564833,3301377,Male,Secondary,2018-05-22
Namwalwa Bridget,a724c006-49cb-44fd-8f83-d8e3c110f383,Fisheries,Gulu,+256733017337,86915681,U4252779,4153999,Male,University,2007-09-25
Namwalwa James,007889e3-19a2-431c-8745-77ed74c36b4f,Hospitality,Kisoro,+256741423663,29912471,U6649334,1567979,Male,Secondary,2011-06-28
Florence Florence,6d99f7de-8e7d-4022-9a39-d953adbfd24e,Retail,Bwindi,+256785753909,61847043,U9377175,4398675,Male,Vocational,2014-09-29
Nansukusa James,f52c2c7a-d52c-43a3-ac07-0c7c40632fd0,Manufacturing,Mbale,+256749307266,53563477,U2109253,9004639,Female,University,2022-06-01
Namwalwa Namwalwa,e72c5cb3-df44-4081-8719-c2d31939d5f6,Retail,Bwindi,+256744647736,85477605,U4898509,9563567,Female,University,2006-06-21
Nansukusa Florence,09cf767a-4e57-40b5-9e8d-176265880bba,Manufacturing,Gulu,+256710241279,98545703,U3788226,1614845,Male,Vocational,2004-03-01
Sarah Florence,91693bb2-5846-4a23-bd07-167016ac92a7,Retail,Kisoro,+256748447431,25936960,U9531557,4580081,Female,University,2013-05-06
William Jane,d541c766-1dac-4e44-88a9-070d3a50828d,Retail,Bwindi,+256746659682,47407413,U3270427,7495610,Male,University,2018-10-28
Alice Nansukusa,ba8abe48-d07c-49bc-9b75-e7f4d7853b3d,Services,Entebbe,+256751318750,80584153,U6447899,5472847,Male,Vocational,2016-02-11
Namwalwa Namwalwa,70fa437f-ece0-43b8-a0ee-c1440140f333,Manufacturing,Entebbe,+256734954848,58320484,U4017737,8197037,Female,Primary,2016-07-03
Namwalwa Nansukusa,4b57ef25-e34f-49e9-8354-b6d2c24ee604,Fisheries,Mbale,+256793053956,90762864,U8837306,1900804,Male,Primary,2017-05-09
Florence James,0051eb71-d451-445c-9a6e-714c61e90d0e,IT,Kampala,+256719030062,51887895,U4255090,5277482,Female,University,2005-06-06
Nakinobe Nakinobe,43c8b2f1-eaab-4128-a926-20e18673f186,IT,Mbarara,+256790292764,94538216,U3318190,7843477,Female,Vocational,2005-07-05
William Jane,45d49bfb-1877-460c-8d45-d3291b39fb32,Agriculture,Mbarara,+256757241887,21827419,U5106611,1769947,Male,Secondary,2005-04-04
Sarah William,afc644f2-82c7-483c-a3ba-edfe9579b6cb,Manufacturing,Kisoro,+256794392959,74215481,U7780067,6518971,Female,University,2023-06-23
Alice James,087b1ede-242d-4a55-a6f0-554388f426ae,Hospitality,Bwindi,+256796817492,60285326,U3115019,7347160,Male,University,2015-08-10
Florence Namwalwa,340f5c06-0e19-4f1f-8d1d-dbccac19211e,Agriculture,Mbale,+256798285565,49331194,U3054045,3692883,Female,Secondary,2019-09-08
Sarah Nakinobe,088aec60-a076-4a6e-99e3-8212403036a5,Fisheries,Jinja,+256748415888,93828386,U4408253,7911066,Female,University,2019-10-11
Nakinobe William,ea6fc96d-ce3d-4f3a-9595-1c89e03d51f6,Services,Bwindi,+256729263956,99962102,U5885070,3273785,Male,Vocational,2018-03-21
James Florence,f6b9a201-7311-4920-b591-c20039fb1b41,Agriculture,Jinja,+256781047536,16897350,U3313975,7750901,Male,University,2005-02-12
James Nansukusa,285e8bfa-75a4-49f2-8a28-da8b3c254f9a,Services,Mbale,+256783793430,88022891,U1027955,9206636,Male,University,2015-08-05
William Jane,8d3b27f1-fa62-4c43-8318-f95f223926ef,Hospitality,Mbale,+256740796948,93559647,U8988600,7181409,Female,Vocational,2022-01-03
Nakinobe Florence,696dc251-fb51-4ebe-b674-b4f90b15a523,Services,Mbarara,+256726187591,81425066,U1443922,2062466,Male,University,2007-11-29
Sarah Sarah,4237bdb2-eb41-432a-b63e-1cb1a6398f0b,Fisheries,Entebbe,+256789086726,65377897,U2234769,4793309,Male,University,2020-10-29
Sarah William,6be375bd-ea76-4355-b182-117cb6127fd5,Hospitality,Mbale,+256724941261,44090258,U5493891,4319036,Female,Secondary,2009-08-25
Alice Sarah,f2b024f6-f236-4336-b325-1210659325be,Agriculture,Bwindi,+256738342695,46604662,U7745610,3686337,Female,Secondary,2014-02-02
Sarah William,131193c3-2699-4d2d-9a84-00c31ebf2806,Hospitality,Kisoro,+256784283976,15589020,U4801551,8935566,Female,Primary,2020-01-09
Bridget Nakinobe,343b2043-11cc-4833-86cd-b6785f5cae80,Hospitality,Kampala,+256745388140,86751575,U6544448,2834049,Male,Primary,2015-09-02
Florence Nansukusa,1b3cb5a8-1eb6-4e70-a3b8-4c8dee6e093b,Hospitality,Mbarara,+256724930646,72394980,U7981460,6822053,Female,University,2021-12-25
Nakinobe Sarah,9485eb87-ac46-4404-bfd9-2198517b4316,Retail,Bwindi,+256799205360,11038282,U1053920,6511990,Female,Primary,2011-05-07
Alice Alice,ac1f002a-fc9b-4e5d-9856-49fb03233c3a,Hospitality,Bwindi,+256702944509,58835384,U8445749,3043798,Male,University,2021-03-01
Jane Florence,ca32bbad-4a52-4ff0-8b41-620d9838cc7b,Fisheries,Lira,+256754012547,76304003,U5728305,7112518,Male,Primary,2012-10-01
James Sarah,f6ddfc22-519e-4f8e-a441-aa5762a5396a,IT,Kisoro,+256739642725,68224051,U6500231,4584717,Male,Vocational,2020-11-07
Nansukusa James,eaf0eef3-9d89-44f2-9630-55388b26eaa0,Agriculture,Fort Portal,+256746626449,49754953,U6674320,5478179,Male,Primary,2005-05-25
James Nakinobe,638e81b5-6275-427a-b06f-3dc32d77a9d8,Agriculture,Gulu,+256725339905,56284106,U2939047,3190322,Male,Primary,2021-04-22
Florence James,bce6e6b4-4baa-452e-b2ad-fd121cd275e5,Manufacturing,Fort Portal,+256724670642,36448504,U4230030,5410051,Female,Primary,2004-02-26
Alice Bridget,417efafa-ffb8-407a-9940-63930caf36fd,Manufacturing,Kampala,+256789013572,93275714,U8638357,8346287,Female,Vocational,2021-09-20
Bridget Namwalwa,c18d5691-4ec1-4b34-93be-8b8980f663c8,IT,Fort Portal,+256728300893,29547958,U2880029,6365878,Female,University,2021-06-17
Namwalwa Nansukusa,083c96fc-f95d-46f9-afd5-6bdfc3479417,Fisheries,Mbarara,+256705167174,39142234,U6572312,1040158,Male,University,2017-08-24
Namwalwa Namwalwa,31c3e95d-33c0-4a6c-acb4-635b10457166,IT,Kampala,+256760394738,99487707,U7003473,8881937,Female,University,2017-09-07
Sarah William,eec557d6-8364-4064-9655-1a12b5a2d39b,Retail,Mbale,+256715938288,87913955,U2109036,3277100,Male,University,2020-06-03
Sarah James,2a1bee0e-c719-4be5-9b61-6824e3cad9de,IT,Gulu,+256743415530,24781956,U7069749,3295593,Female,Vocational,2016-01-31
Jane Sarah,d81edad2-baf6-441e-9551-a965db5aac75,Hospitality,Kisoro,+256725387810,14347132,U2847211,8798134,Female,University,2017-06-13
Alice Alice,d51beb84-0b83-43fe-bfae-5c16f7b02e8b,Retail,Kisoro,+256755890765,83810686,U5442148,4155442,Male,Vocational,2021-12-19
Bridget Nansukusa,504976c1-a533-4688-b811-301c7af21cfe,Agriculture,Mbale,+256774099511,74479676,U7444859,3366760,Female,University,2018-05-01
Florence Nansukusa,b82f8ece-d119-42ac-affc-5ad60b882bc0,Retail,Mbale,+256764294094,52982282,U6964723,3673430,Female,University,2011-11-14
Alice Nansukusa,a14df5b8-e424-49db-a888-07a73eab439c,Services,Jinja,+256725213643,19742616,U6326988,9731045,Female,Vocational,2012-08-15
Namwalwa Namwalwa,19ad36b6-3be0-4e15-ac76-1fca96494054,IT,Gulu,+256795553326,95039502,U9339902,2849575,Female,University,2006-11-19
Bridget James,eec73ef0-6581-417c-abba-e3705783c26f,Agriculture,Gulu,+256760530061,47712910,U7436214,5791689,Male,Primary,2020-09-12
Namwalwa James,a2feb12d-8f48-4fa8-b470-31c45200e484,Fisheries,Kampala,+256792778306,97160791,U9785884,8239462,Female,Vocational,2009-06-29
Nakinobe Alice,2c3824aa-4872-4bd4-879d-0420c3e343f4,Retail,Kisoro,+256794577730,12260462,U3024727,8589494,Male,Secondary,2020-01-27
Jane Bridget,a6d8a142-4232-43da-bb2a-b14dc248c7fc,Manufacturing,Entebbe,+256700532601,39679422,U8445424,7726455,Male,Vocational,2010-10-27
Nakinobe James,3f7d34e0-9a76-4ced-bf3a-0d1de7f23483,Fisheries,Mbale,+256742399277,76826621,U4437004,8083560,Female,Primary,2012-07-02
Sarah Namwalwa,c7af1958-6263-4786-97e6-14b0fdd2ae49,Retail,Bwindi,+256790165204,35993812,U2996449,3010285,Female,Vocational,2021-01-24
Florence Namwalwa,c5c801d9-bd20-4b9d-847b-709538357705,Hospitality,Entebbe,+256703721042,39177052,U4308781,5331353,Male,Secondary,2005-01-14
Sarah Nakinobe,18a5634a-fd19-437c-a473-28122d397038,Fisheries,Lira,+256776536954,45112235,U2967350,8501396,Female,University,2019-10-16
Sarah William,d48e23b9-7450-4363-a013-107871628c1a,Fisheries,Kisoro,+256740713686,58262317,U5941220,8085646,Male,University,2022-03-01
Nansukusa Nansukusa,b106f2e6-475e-4ab4-9703-7fba6a286780,Services,Entebbe,+256716241532,39608525,U8319606,8761502,Female,University,2023-05-17
Nansukusa Florence,8a037fdf-457c-4103-921a-eae2ba9ba515,Agriculture,Kisoro,+256789925290,25694034,U2878205,6487950,Male,Primary,2005-07-29
Nakinobe Namwalwa,88f0b28c-bd07-4452-afa2-2180446a8cfe,Retail,Kisoro,+256751311046,76487775,U6069645,5852249,Female,Primary,2012-02-18
Sarah Namwalwa,db8c52ea-bde9-4cc7-8350-2983459a4246,Services,Kampala,+256780125835,25281882,U9010999,8947920,Male,Vocational,2014-06-09
Nansukusa James,459f9b56-4b71-4955-8cc6-ee56d4694c72,Hospitality,Lira,+256734144598,49698332,U4764187,1570762,Female,University,2018-09-18
Sarah Nakinobe,43d9c9a4-4c4a-41bf-8bf2-f940f9fc6d3b,Manufacturing,Fort Portal,+256779699407,53735856,U5389384,2463103,Male,Primary,2006-03-23
William William,5f6b33e7-0ad6-47b1-8fd4-965445d26ce3,Agriculture,Entebbe,+256792472718,26805199,U6264024,5494855,Male,University,2013-03-19
Alice James,e74c5708-b12b-4354-a95d-46c0fd84865d,Fisheries,Fort Portal,+256771722829,17501185,U9098727,7102181,Female,Secondary,2011-11-04
Nakinobe Bridget,543a9efd-b37e-40bf-ad69-b8550a0dddf4,Services,Mbale,+256793658642,97733897,U4114264,3606582,Female,University,2014-04-23
Namwalwa Nansukusa,6d2a7672-d063-450b-aff6-fe6ccb9df278,IT,Entebbe,+256701364367,91808964,U6924889,7939651,Female,Vocational,2008-10-22
Nakinobe James,5db79f7e-1dcc-42e0-b8c0-2b993881d3e1,Retail,Kisoro,+256763353144,92047309,U4825134,4602874,Female,Vocational,2019-04-06
Nakinobe Nansukusa,8373c677-0397-409d-a23d-08986f28f085,Fisheries,Gulu,+256790192602,60299290,U1876314,7424468,Female,University,2023-05-14
Florence Nakinobe,5237f05e-48de-4096-a864-d539c1ca03b8,Agriculture,Bwindi,+256732129506,92065019,U3781350,7128159,Male,University,2021-09-02
Jane Jane,fc3f1819-8a8c-42b8-a859-6f4ae5e3682e,Retail,Fort Portal,+256792407737,92067050,U2960347,1844556,Male,University,2018-11-02
Nansukusa Nansukusa,aff85d07-8e23-45a0-b4fb-137f0b529a16,Agriculture,Kampala,+256763539841,88690924,U5085329,8619877,Male,Primary,2014-04-20
William James,56e0ca11-f73e-49a5-8a61-ab8d6ea96414,Hospitality,Kampala,+256720254247,21710302,U7850510,4951614,Female,Secondary,2021-02-10
Bridget Nansukusa,b79b1b84-8019-4ac9-a113-c32119b88eda,Fisheries,Gulu,+256728260444,50140038,U3202908,4182463,Male,Vocational,2021-12-01
Nakinobe Namwalwa,e9db9d9a-e041-4cfc-b008-c32035cda4b7,Hospitality,Kisoro,+256760941312,92272213,U9234172,8519216,Male,Secondary,2020-04-06
Namwalwa Sarah,787a2069-0e2a-4582-9773-a8da4e2d545d,Services,Fort Portal,+256743570600,32619318,U5874395,9482986,Male,Secondary,2006-02-23
Bridget James,2f797c9b-466a-4635-a93d-15df442dbaf8,Fisheries,Entebbe,+256728296977,37820967,U3272397,1586846,Male,Secondary,2023-08-12
Nakinobe Alice,32da4151-0469-4bc4-a8d3-e249776321a9,Hospitality,Fort Portal,+256764800760,15047682,U1185428,5357082,Male,Primary,2004-03-15
Sarah Namwalwa,5a1603a9-8051-48ae-a67d-428dc31f0e5b,Fisheries,Fort Portal,+256764780568,23354805,U7969490,3620413,Female,Primary,2020-08-09
Nakinobe Bridget,8d57cacf-3748-40a6-bdd6-47512de0e024,IT,Fort Portal,+256711965901,57418232,U6904391,4905020,Female,Vocational,2018-12-26
Alice Nakinobe,d73ef393-8e1b-48fd-b826-364d856c1681,Fisheries,Jinja,+256731075078,72718172,U5621493,2709567,Male,Secondary,2020-03-23
Nansukusa Sarah,7fcbfbc1-c157-4ff5-a13d-4031e0e54246,Manufacturing,Mbarara,+256736758008,52054112,U7627921,9521795,Female,Vocational,2008-01-12
Jane William,d93d654e-1b4e-4ff4-800d-4a20141f56e0,Manufacturing,Gulu,+256742864666,72263272,U6446354,2181337,Female,Primary,2012-12-23
Alice Namwalwa,9e997b8a-3cdb-4b39-81f7-77c09fde6205,Manufacturing,Lira,+256791256878,84641832,U4047895,3827872,Female,Vocational,2007-09-20
Nakinobe Nansukusa,1cd3e1cf-29e3-4886-a636-4fc1a6878d01,Fisheries,Mbarara,+256783456362,95403245,U3208466,4619987,Male,Vocational,2005-10-26
Nansukusa Nansukusa,8fc7a9cd-0623-43e6-bda4-bba95effcff8,Agriculture,Bwindi,+256722551319,52187860,U1629804,1791244,Female,Primary,2016-03-09
Bridget Sarah,f9501246-cd86-4363-802b-e9a078d66dbd,Manufacturing,Fort Portal,+256708112547,80732241,U5999866,4499510,Female,Primary,2017-02-21
Sarah Bridget,d20b3333-3c51-46f8-a486-187d171f7a9b,Hospitality,Entebbe,+256781960307,53201890,U7663413,2871124,Male,University,2015-04-17
Florence Nakinobe,c39e7f31-4429-454a-8529-1c6c2eb3e725,Services,Entebbe,+256792818647,21023581,U8650517,4627095,Female,Vocational,2009-04-21
Sarah Bridget,3440e454-3492-4732-8817-eba7a7673c04,Fisheries,Mbale,+256704365331,57976956,U5757091,7471125,Female,University,2012-12-13
Bridget William,47b10115-5ba6-4a44-b727-364b9d14f8fa,Retail,Lira,+256753005867,49852922,U1895259,2110094,Male,Primary,2005-03-02
Namwalwa William,810a4125-3adf-4d9f-b246-0b8df2e088d4,Services,Kisoro,+256765314166,48990825,U1349157,9494484,Female,Vocational,2004-08-17
Nansukusa Alice,f87f29bf-c387-4e48-a20a-9965d2200293,IT,Fort Portal,+256700058699,48205082,U1936133,1802286,Male,Vocational,2008-03-20
Nansukusa Jane,4fa6e700-2102-4e7c-bef6-23715df4de75,Hospitality,Mbale,+256780353728,93795606,U6787448,7899179,Female,Primary,2008-05-20
Nansukusa Bridget,48e0460e-994a-4b49-98e3-c60c0028c011,Agriculture,Entebbe,+256770052922,17866643,U9103644,6172664,Male,University,2015-10-18
William Nakinobe,9caa7729-8a09-49ba-9fff-e43b91e77066,Agriculture,Mbale,+256725882229,92243717,U2546225,4706889,Male,University,2008-09-18
Nansukusa Nansukusa,8ba1eea5-401a-4cef-877e-1dd4d907c7cd,Retail,Lira,+256746623116,59358739,U7599117,4541458,Male,Secondary,2003-10-22
James Nansukusa,b7274f99-e4f5-4fb7-b085-72ccd3f03e15,Hospitality,Lira,+256761346239,21800927,U6578411,5994610,Female,University,2005-07-15
James Sarah,c38c6d93-2fbe-44ef-b6cb-69e6b9aaa57b,Hospitality,Bwindi,+256715378309,31075334,U4284798,4424166,Male,Vocational,2019-12-08
Namwalwa William,09777ce8-d029-4940-adae-610ecb7349a1,Manufacturing,Fort Portal,+256763981833,70215559,U9049057,7830366,Female,Vocational,2009-02-20
Jane Alice,bd52ac0f-5bb6-4c09-a6a5-c80130cffdd4,Agriculture,Lira,+256784848387,19349830,U8926362,1998109,Female,Primary,2013-07-21
James William,857d9fb6-8cc4-4ae5-a0a6-dd408d2f849a,Retail,Lira,+256794478305,50227760,U9744666,3417064,Male,University,2005-04-30
Sarah Florence,a077dfbb-658d-49fe-b170-5d298c9aa6f7,Retail,Fort Portal,+256799664220,46779755,U3538494,5285419,Female,Primary,2009-05-30
Sarah Nansukusa,1dbd7456-609e-48d8-b2ef-fbf16bf304fc,Manufacturing,Fort Portal,+256779212989,56409637,U2447706,4048678,Female,Secondary,2005-12-10
Alice Bridget,7682502c-ca29-4923-a3fe-928789bba357,Hospitality,Jinja,+256728018819,28052617,U7823535,4355040,Female,University,2010-04-27
Jane Sarah,4797e722-267c-47e0-8df1-e3fb0015b9d6,Retail,Mbarara,+256787484504,27765122,U7437712,9389952,Male,Primary,2016-09-05
Sarah Jane,3a895d0b-406d-46f7-b6fe-13256cb72e2c,Manufacturing,Kisoro,+256780552370,47970071,U7794091,3542911,Male,Vocational,2010-09-26
James William,f2fc6fba-160f-49b3-b670-be579271d609,Manufacturing,Mbale,+256787317606,84676621,U3472325,5578801,Female,Vocational,2021-03-03
Alice Sarah,91cc46c7-1341-433c-9568-79403386bb5c,Fisheries,Bwindi,+256739727785,27462001,U6569744,4146135,Female,University,2016-09-05
Jane Nakinobe,1249d5bb-fe6c-4e37-8c7a-8b0b33cf7c6c,Manufacturing,Entebbe,+256725965241,92056940,U3306775,3341051,Male,University,2011-03-26
Namwalwa William,12c370ec-17b7-4e82-9afe-0c5fe02294fd,Manufacturing,Entebbe,+256745390521,40204536,U8388644,5367518,Female,Secondary,2007-03-04
Namwalwa Nakinobe,d6116752-be86-420a-b3c8-1bc04822c5c0,IT,Entebbe,+256758745945,88140159,U5601033,9381789,Female,University,2013-07-07
Nakinobe James,b067f9f8-e5a3-4214-bedd-2cc6e93dbfe0,IT,Kampala,+256748831296,26902636,U7981004,5334196,Female,Primary,2005-01-06
Sarah Jane,6e86be19-bf2f-40af-a96a-61bf70a86a91,Agriculture,Bwindi,+256729103077,10706454,U5303082,2138428,Male,Vocational,2018-01-03
Alice Florence,ebee5e89-a2a5-4e19-b089-28aaf685d1e0,IT,Bwindi,+256745140488,36259222,U9190169,2073705,Female,University,2017-10-17
William Florence,d7a3e6b9-9383-40b6-bdd3-9e4f502d7682,Manufacturing,Mbale,+256734829475,11959380,U1802800,6079843,Male,Secondary,2015-08-02
Sarah Alice,853882b2-7283-4fdf-9cb9-8cd3c79d9473,Retail,Lira,+256746785232,36901320,U3390671,5745119,Male,Secondary,2022-04-21
Florence Florence,0bc7d86c-3e79-4379-aaba-f51e2f8a2a15,Services,Kampala,+256777590745,93621367,U3542232,3372787,Female,Secondary,2013-05-09
Namwalwa William,3785afc0-5083-4d96-9354-dfaf50801e8c,Agriculture,Kampala,+256792815524,84259910,U4142324,8648117,Male,University,2003-10-27
Nakinobe Bridget,16f12953-bc9d-44c7-ba75-b7619517960e,IT,Kampala,+256744211852,80378341,U8465970,1538555,Female,Vocational,2015-03-08
Alice James,15c88b21-58f4-46fd-8dff-40187e57febc,Retail,Jinja,+256763375714,20730063,U9736554,8607459,Male,Vocational,2014-03-02
Alice Nansukusa,497e25f7-3f57-4f46-ac5e-eb94a60d4151,IT,Kampala,+256711394486,27378541,U2472707,5234770,Male,University,2011-04-19
James Sarah,8875629b-3ba2-412b-929a-08119c85071f,Services,Gulu,+256770798656,77590269,U4741751,3368187,Female,Vocational,2011-07-26
Nakinobe William,c62e86f7-d942-4ab2-905d-392ab17b4273,Hospitality,Fort Portal,+256757271855,86116866,U5046431,9527431,Male,University,2016-11-01
Nakinobe Bridget,4dce438b-32b0-4339-95f8-00eb7fa9bb87,Manufacturing,Kisoro,+256719712116,36715111,U3390403,6929493,Female,Primary,2004-05-21
Namwalwa Nakinobe,7cce9365-c360-4779-b77a-238c2c742ed3,Retail,Kisoro,+256706235755,56093399,U4703225,6479557,Male,University,2008-11-20
Namwalwa Florence,a4bdc374-f941-4d59-803b-6dffda4e2101,Fisheries,Lira,+256704514526,75619633,U1928008,5798270,Female,Vocational,2009-09-02
Alice James,7f59a4dd-54fe-4690-b2c9-c1221adfc13d,IT,Kampala,+256766260795,21579704,U6567866,8142194,Female,Primary,2005-12-01
Namwalwa Florence,b1fd527c-271e-43a9-9065-0b65bad256f5,Manufacturing,Mbarara,+256709396580,93827173,U7007641,8693027,Male,Secondary,2014-11-22
Bridget Florence,651c0434-12ad-4887-9ae3-f517b7f5a563,Hospitality,Lira,+256721406435,70879921,U2198210,2458622,Male,Primary,2016-08-30
Bridget Alice,82dd0f31-3464-43f5-8cbe-5c4ee41e787a,Retail,Mbale,+256723428495,11231582,U4148770,8628565,Female,University,2013-01-05
Namwalwa Jane,2bded6da-3a5b-404b-b50f-47a28c5b1e8c,Retail,Jinja,+256772997420,38389863,U2753072,4670005,Female,Secondary,2020-06-16
James Sarah,8e4585d4-6bf4-44e0-af66-aa1dcefcdaf4,Fisheries,Mbale,+256725231959,57635016,U5481127,6340552,Male,Vocational,2006-02-12
Sarah Florence,fe22622d-ef97-4dc6-9b9e-e27ce3b94e50,Manufacturing,Mbarara,+256711181479,98127674,U6245393,8717816,Female,University,2023-06-16
Florence Jane,0e65e6d0-82cd-4b07-9d20-c3685afcfe17,Retail,Bwindi,+256711359926,55929027,U7922887,2228353,Female,Primary,2012-12-23
Bridget Bridget,641ffd6c-8e14-4522-a857-ed64be2137ff,Manufacturing,Gulu,+256792899357,92674159,U1795376,3466765,Male,Vocational,2004-08-14
Bridget Nakinobe,784ee351-05d5-4a2e-9d2f-cb8d7decb73f,IT,Jinja,+256779591822,71672983,U5972258,2646029,Female,University,2015-10-25
Bridget Sarah,a63d597a-0add-4305-bd20-eada81243c85,Hospitality,Mbarara,+256730445424,21169556,U5007326,5559752,Female,Vocational,2016-05-22
Bridget Sarah,b236575d-f6e5-4a2b-8a69-33e1aeae1408,Hospitality,Kisoro,+256729108371,76495948,U9017692,8506286,Female,University,2011-12-07
Nakinobe Sarah,9d4e5d19-c19c-4c12-8ed4-cfa6f2f92c87,Manufacturing,Jinja,+256725136298,65616169,U1569039,8546670,Female,Secondary,2020-07-20
Jane Sarah,1e17010b-c289-4084-8f96-af72e47b1201,IT,Jinja,+256730343873,73121834,U4371336,8584457,Female,University,2007-01-10
James William,6131a7cb-b806-47f9-8cc5-f4a52a28b71a,IT,Entebbe,+256703588490,44703646,U9174361,6102314,Female,Primary,2005-02-08
Sarah Sarah,a4e8e7ac-015d-475a-b444-80f4f700c50a,Services,Entebbe,+256785042508,48016471,U4268627,8738543,Male,Primary,2015-07-04
Nakinobe Bridget,138b722f-5c6c-4714-bf14-5ab1fd0a3194,IT,Kisoro,+256704793722,12784899,U1927663,5397321,Male,Vocational,2019-01-31
James Florence,b48f3db8-9f94-4ef2-b576-e70957e39bb0,Retail,Kampala,+256767133609,93665261,U6362861,7182293,Male,Primary,2004-07-01
Nakinobe William,9c49d042-d891-4be6-b8e7-80da774685b2,Hospitality,Mbale,+256705155671,34977924,U1084427,7642116,Male,Secondary,2007-03-07
Nansukusa Bridget,77dd27c5-5b32-4a5f-a10c-92e32af92684,Fisheries,Kampala,+256705376345,69404483,U9024855,2992070,Female,Secondary,2021-04-28
Nakinobe Bridget,17213577-0399-4132-9ff2-adb1f1c70ec8,Fisheries,Lira,+256791095491,54862676,U3799745,9369857,Male,Secondary,2020-03-17
James William,1c5b2ef6-2d1a-4923-859f-05e4f6e0d594,Fisheries,Bwindi,+256749417369,98545252,U7221141,1805898,Female,Secondary,2017-06-29
Namwalwa William,ac45fb5c-f6d6-4b6b-8482-af3c31fffc13,Manufacturing,Kampala,+256774537513,99963788,U5638947,7023227,Male,Secondary,2019-07-03
Bridget Sarah,e4eab4dd-71ed-4315-94b8-8c0e6c58cf7d,Fisheries,Bwindi,+256765346584,37272866,U1161533,2040832,Male,Primary,2009-12-24
Namwalwa Bridget,f58ce5e5-0adc-4024-bb00-52e2bf34df01,Fisheries,Mbale,+256767799991,32794633,U2082458,9759081,Female,Vocational,2019-02-08
Nansukusa Jane,ca78b2d6-3d9e-48cf-8f6c-f5439f2859ff,Agriculture,Fort Portal,+256703693300,74236809,U3065561,8382666,Female,University,2018-05-21
James James,88c1d4dd-ba8c-4a7b-a263-af0bed0c2b84,Manufacturing,Gulu,+256773177175,36582312,U2951558,8445275,Female,University,2019-07-16
Jane Nakinobe,7215c6fd-4095-41fc-83aa-42703f41a0d1,Retail,Bwindi,+256769685681,47566615,U2560977,3065169,Male,University,2019-11-12
Bridget Alice,efbef238-05f3-4d50-bc72-2d6aa95ff7e7,Services,Entebbe,+256713867020,14974706,U2658485,2577556,Male,Primary,2008-05-01
Sarah Alice,66593075-718e-4adf-854f-5f30d33a68b8,Hospitality,Fort Portal,+256783975303,14966491,U5057403,9889654,Female,Secondary,2010-05-05
Namwalwa Florence,94aa1bc0-578a-4642-b070-2c56c4d3c581,IT,Kisoro,+256792748113,59970511,U7709547,4251094,Female,Secondary,2021-02-22
Jane Sarah,b892dc1f-9113-4036-857a-6973e7d0bf64,Services,Lira,+256763409898,18731782,U5818856,4628938,Male,Primary,2005-03-18
Alice Nakinobe,05fb897a-52d3-4393-a2b6-5d6440c4c687,Hospitality,Gulu,+256710621929,37571453,U4873083,3516798,Female,Vocational,2003-11-21
Bridget Nakinobe,988e9275-aedc-4ec1-a036-f5b08824f3a2,Fisheries,Mbale,+256783543130,25424702,U2794833,5732063,Female,University,2006-06-11
Nansukusa William,3dc0c2d0-7874-4024-9b60-7b906548dced,Fisheries,Mbarara,+256753004015,30948129,U8137279,6404031,Male,University,2005-10-27
Bridget Namwalwa,3f261178-4e5d-4fc6-8392-59cccaad9b46,Fisheries,Gulu,+256721108108,28720397,U1673809,5612638,Female,Primary,2008-04-05
Nansukusa James,bd4b4c71-df08-480a-bfc6-a4df03bd9ddb,Agriculture,Mbale,+256772577662,71802176,U7697141,3852518,Female,Primary,2020-07-11
Alice Nakinobe,5692b8e8-f460-45ab-bce0-48bc0b450c9e,Fisheries,Entebbe,+256752526256,43668041,U9712208,3580054,Female,University,2014-05-13
James Sarah,79e74c4a-9344-48c1-ae5b-c0812406352b,Manufacturing,Jinja,+256727192678,29283379,U9816377,9228737,Male,Secondary,2011-01-13
Nansukusa Jane,92ce5244-349e-4f87-b57d-ca545d4557ff,Manufacturing,Mbale,+256796355630,62840801,U1348626,4114419,Female,University,2019-05-16
Nakinobe Nakinobe,04d250d7-71b3-4678-abbc-fe18ae7ccc62,IT,Lira,+256717667756,71463422,U9865103,2972335,Female,Vocational,2013-05-04
Nansukusa Namwalwa,3fb835cb-0ecb-4200-abb3-45ebea334ab5,Manufacturing,Fort Portal,+256726723275,54425069,U2093082,3883467,Female,Primary,2023-03-13
Alice Nansukusa,a99bf4c6-f38e-4c2a-8140-ed24a48d2188,Hospitality,Jinja,+256704066088,23930813,U9798959,6339735,Female,Vocational,2011-06-15
Nakinobe Nansukusa,a1c8ee07-a888-4414-b8ca-7ba130fd7273,Services,Mbarara,+256754236388,37066902,U2154422,6484517,Male,University,2016-05-20
Namwalwa Sarah,66e386a9-b39c-4c91-b82f-a62f45c2d23c,Retail,Mbarara,+256739075727,82449880,U5641719,2246276,Female,Primary,2018-01-18
Sarah Florence,c90efd04-4644-49a7-a7f2-34d8e384d925,Hospitality,Lira,+256770747254,23759065,U3772894,2049451,Male,Vocational,2005-10-24
Alice William,0540fcde-6fa0-4fcd-8eb1-1eb1e332ab22,Fisheries,Fort Portal,+256788095461,46158541,U1439327,1445004,Male,University,2013-11-25
Nakinobe Sarah,91a841c4-88e4-40b4-9069-19d66ac552ec,Hospitality,Entebbe,+256721927940,32326343,U9919399,7013721,Male,University,2019-09-10
James James,c4a0aad3-bc1a-44e3-b252-da3f74f6cd6d,IT,Gulu,+256707708391,13273622,U6950318,8003724,Female,Primary,2017-01-25
Nakinobe Nansukusa,31624991-5fe9-48f4-aca4-cf24ab8e5d4b,Agriculture,Entebbe,+256712591201,49934754,U4895650,5947141,Female,University,2020-11-25
Nakinobe James,b7d0a860-fd0e-4584-a68a-47d39a76950d,Hospitality,Jinja,+256750528309,16878255,U3374375,2182391,Male,Primary,2012-02-27
Jane Namwalwa,370a486c-41c7-4fcb-af1d-f168ba0f8dcd,IT,Kampala,+256770003313,23872185,U1068170,3186781,Male,Vocational,2007-07-12
Namwalwa Namwalwa,6411ea90-805e-444c-96ea-52a66a38baa0,Fisheries,Fort Portal,+256749560648,69471875,U5537032,6945181,Male,Primary,2011-06-23
Namwalwa Nansukusa,6a748baf-a9ff-4b3e-8ec4-150b4110dcd4,Hospitality,Jinja,+256707608196,57010165,U4345441,3065092,Male,Primary,2016-12-25
Jane Alice,1b6a9ea9-1aaa-4cb1-918a-b809a7813a5a,Agriculture,Mbale,+256736352087,85735513,U4868758,6085490,Male,Primary,2014-10-19
William Nansukusa,b44113c6-58f7-4244-bb50-b92e14eb90fc,Services,Fort Portal,+256716640004,46131495,U9873427,9258116,Female,Vocational,2016-04-02
Florence Namwalwa,8bc20ed4-dddf-4d1c-b965-baa27795da35,Fisheries,Fort Portal,+256780945018,81474487,U7083397,3620793,Male,Vocational,2010-08-31
Nansukusa Nakinobe,cc321cf1-4e57-4400-8123-eb85f146166d,Services,Bwindi,+256701748880,31052703,U1756154,4838826,Female,University,2008-09-05
Florence Namwalwa,ece3143c-98a2-4fc3-bc5c-6e88a04b0000,IT,Bwindi,+256797624634,99468629,U5928609,9812971,Female,Vocational,2021-10-31
William Alice,5387a5be-045d-453e-b8a7-688523f7cbaf,Retail,Bwindi,+256748568527,91570103,U7403395,6772818,Male,Primary,2017-09-08
Bridget James,0ab9ae31-b973-48dc-a750-ed02b61819c6,Agriculture,Lira,+256759598382,91587939,U9085941,6627621,Male,University,2020-05-27
William William,68467784-97a5-4da2-8812-6f96f7169146,Hospitality,Mbarara,+256760662858,53151290,U1273174,3683396,Female,Primary,2015-08-16
Bridget William,4d792586-3679-49ab-b092-34417c52bc13,Hospitality,Fort Portal,+256799173202,87166974,U4103708,8050976,Female,Vocational,2021-09-30
Florence Florence,3e67b1fb-5ab6-4aa7-9163-2f4b7b16ea06,Agriculture,Kisoro,+256794793406,92959297,U2550126,1946709,Female,Vocational,2014-11-30
Nansukusa Nakinobe,801ce24f-6d1f-4ca6-9038-88812eb9f7d6,IT,Bwindi,+256797683005,45471793,U1628034,9319406,Female,Primary,2005-08-31
Bridget Bridget,b9d850ec-2c2e-41c3-b853-839707d5fa12,Services,Bwindi,+256755595030,58128105,U5463349,4262057,Female,University,2021-06-05
Jane James,397d9cb0-7daa-4629-b89e-5da888de5e9e,Agriculture,Kisoro,+256703053830,73431158,U8852336,7224138,Female,Secondary,2010-09-02
Nakinobe William,7c5e3b00-58f7-429e-b430-7bc25b3b6d56,IT,Mbale,+256746042825,82018582,U4360138,9479293,Female,University,2018-12-08
William Jane,370cfcda-30f9-4aee-9a68-366e8a8e8ce5,Retail,Gulu,+256735988117,92200200,U9909292,3418040,Male,University,2003-10-31
William Nakinobe,c99bbccf-c726-4fce-b676-b6341d36b166,Hospitality,Fort Portal,+256734927398,43350550,U6308861,1312393,Male,University,2022-01-09
Bridget Sarah,7a5bc15e-b5b0-45b4-8a97-a8735d102620,IT,Bwindi,+256721158366,35687754,U4121967,5490143,Male,Primary,2013-03-09
Nansukusa Florence,bb414e7a-ad8c-44c9-a100-c3e4d157dc50,Agriculture,Bwindi,+256777143471,63114873,U1681799,8723960,Female,Primary,2009-05-10
Bridget James,6ec12ece-d7b8-4937-98d9-1d3c380cfaac,IT,Kampala,+256744688386,88844434,U4668607,4655502,Female,University,2009-04-23
William Bridget,1a90f298-a861-4c92-8f48-e4b8b07da4b6,Retail,Gulu,+256752336299,60701655,U7420755,1954073,Male,Secondary,2021-08-12
Bridget Nansukusa,fcce4bc1-3303-4b96-b4c2-09dd7bf97e37,Manufacturing,Bwindi,+256778888131,73255104,U3885310,7471844,Male,Vocational,2008-01-20
James Sarah,b29b57c8-bdfd-4192-9697-bab11394df1c,Services,Kisoro,+256757144814,84725708,U8202406,9188896,Female,Vocational,2017-06-03
Sarah Bridget,7de66bbd-d1e5-4900-a8a6-bbc0e633ecfe,Retail,Bwindi,+256722809304,18631110,U1108870,6623304,Female,Vocational,2005-07-26
James Bridget,17d65231-3a40-465a-8007-606f0b558a5d,Fisheries,Kisoro,+256779322109,15070611,U4718970,7318156,Male,Secondary,2023-06-28
James Nakinobe,d76ba83d-bfc7-416a-a49f-aed315f14eee,Hospitality,Mbale,+256783794395,14823009,U1088399,9881252,Male,Primary,2009-01-13
William Nansukusa,8cfb7cc1-7491-436c-a4e4-a2bb11ce8ab5,Agriculture,Jinja,+256734345924,85808021,U2591269,1797941,Male,Primary,2013-03-05
James Jane,64418611-18ae-4719-a089-74d98dbf8e13,Retail,Kisoro,+256761762773,12351824,U2034912,3468810,Male,Primary,2005-05-12
